ACC	GISAID
SRR15296648	EPI_ISL_3127157
SRR15296671	EPI_ISL_3127124
SRR15296675	EPI_ISL_3127181
SRR15283267	EPI_ISL_3025055
SRR15283286	EPI_ISL_3025038
SRR15225404	EPI_ISL_1760649
SRR15225405	EPI_ISL_1750957
SRR15225406	EPI_ISL_1750958
SRR15225407	EPI_ISL_1750960
SRR15225408	EPI_ISL_1599183
SRR15225409	EPI_ISL_1599182
SRR15225410	EPI_ISL_1498148
SRR15225411	EPI_ISL_1498147
SRR15225412	EPI_ISL_1760650
SRR15225413	EPI_ISL_1750959
SRR15225414	EPI_ISL_1498152
SRR15219695	EPI_ISL_1750962
SRR15219696	EPI_ISL_1750961
SRR15219699	EPI_ISL_1599183
SRR15219702	EPI_ISL_1760648
SRR15219705	EPI_ISL_1750956
SRR15219706	EPI_ISL_1657088
SRR15219707	EPI_ISL_1657087
SRR15219708	EPI_ISL_1669907
SRR15219709	EPI_ISL_1657086
SRR15219710	EPI_ISL_1498148
SRR15219711	EPI_ISL_1657085
SRR15219712	EPI_ISL_1669906
SRR15219713	EPI_ISL_1657084
SRR15219714	EPI_ISL_1669905
SRR15219715	EPI_ISL_1669904
SRR15219716	EPI_ISL_1657083
SRR15219717	EPI_ISL_1669903
SRR15219718	EPI_ISL_1657082
SRR15219719	EPI_ISL_1669902
SRR15219720	EPI_ISL_1657081
SRR15219721	EPI_ISL_1498133
SRR15219722	EPI_ISL_1657080
SRR15219723	EPI_ISL_1657079
SRR15219724	EPI_ISL_1657078
SRR15219725	EPI_ISL_1657077
SRR15219726	EPI_ISL_1657076
SRR15219727	EPI_ISL_1657075
SRR15219728	EPI_ISL_1587447
SRR15219729	EPI_ISL_1587446
SRR15219730	EPI_ISL_1593855
SRR15219731	EPI_ISL_1587445
SRR15219732	EPI_ISL_1599182
SRR15219733	EPI_ISL_1587444
SRR15219734	EPI_ISL_1587443
SRR15219735	EPI_ISL_1587442
SRR15219736	EPI_ISL_1587441
SRR15219737	EPI_ISL_1587440
SRR15219738	EPI_ISL_1587439
SRR15219739	EPI_ISL_1587438
SRR15219740	EPI_ISL_1587437
SRR15219741	EPI_ISL_1587436
SRR15219742	EPI_ISL_1587435
SRR15219743	EPI_ISL_1498147
SRR15219744	EPI_ISL_1587434
SRR15219745	EPI_ISL_1593854
SRR15219746	EPI_ISL_1587433
SRR15219747	EPI_ISL_1587432
SRR15219748	EPI_ISL_1587431
SRR15219749	EPI_ISL_1587430
SRR15219750	EPI_ISL_1593853
SRR15219751	EPI_ISL_1587429
SRR15219752	EPI_ISL_1575127
SRR15219753	EPI_ISL_1582397
SRR15219754	EPI_ISL_1599181
SRR15219755	EPI_ISL_1582396
SRR15219756	EPI_ISL_1582395
SRR15219757	EPI_ISL_1582394
SRR15219758	EPI_ISL_1582393
SRR15219759	EPI_ISL_1582392
SRR15219760	EPI_ISL_1582391
SRR15219761	EPI_ISL_1582390
SRR15219762	EPI_ISL_1498149
SRR15219763	EPI_ISL_1498141
SRR15219764	EPI_ISL_1498140
SRR15219765	EPI_ISL_1498142
SRR15219766	EPI_ISL_1498139
SRR15219767	EPI_ISL_1498150
SRR15219768	EPI_ISL_1498151
SRR15219769	EPI_ISL_1498138
SRR15219770	EPI_ISL_1498132
SRR15219771	EPI_ISL_1498127
SRR15219772	EPI_ISL_1498145
SRR15219773	EPI_ISL_1498136
SRR15219774	EPI_ISL_1498131
SRR15219775	EPI_ISL_1498137
SRR15219776	EPI_ISL_1498146
SRR15219777	EPI_ISL_1498126
SRR15219778	EPI_ISL_1498128
SRR15219779	EPI_ISL_1498135
SRR15219780	EPI_ISL_1498143
SRR15219781	EPI_ISL_1599187
SRR15219782	EPI_ISL_1599186
SRR15219783	EPI_ISL_1599185
SRR15219784	EPI_ISL_1498144
SRR15219785	EPI_ISL_1498130
SRR15219786	EPI_ISL_1599184
SRR15219788	EPI_ISL_1498134
SRR15216041	EPI_ISL_3029841
SRR15216042	EPI_ISL_1372288
SRR15216043	EPI_ISL_1372287
SRR15216044	EPI_ISL_1039159
SRR15216045	EPI_ISL_596228
SRR15216046	EPI_ISL_3029842
SRR15196426	EPI_ISL_3007744
SRR15196427	EPI_ISL_3007743
SRR15196428	EPI_ISL_3007742
SRR15196429	EPI_ISL_3007741
SRR15196430	EPI_ISL_3007737
SRR15196431	EPI_ISL_3007655
SRR15196432	EPI_ISL_3007654
SRR15196433	EPI_ISL_3007653
SRR15196434	EPI_ISL_3007746
SRR15196435	EPI_ISL_3007651
SRR15196436	EPI_ISL_3007650
SRR15115722	EPI_ISL_2550805
SRR15115723	EPI_ISL_2550804
SRR15115724	EPI_ISL_2550803
SRR15115725	EPI_ISL_2550802
SRR15115726	EPI_ISL_2550801
SRR15115727	EPI_ISL_2550800
SRR15115728	EPI_ISL_2550799
SRR15115729	EPI_ISL_2550798
SRR15115730	EPI_ISL_2550814
SRR15115731	EPI_ISL_2550813
SRR15115732	EPI_ISL_2550812
SRR15115733	EPI_ISL_2550811
SRR15115734	EPI_ISL_2550810
SRR15115735	EPI_ISL_2550809
SRR15115736	EPI_ISL_2550808
SRR15115737	EPI_ISL_2550807
SRR15115738	EPI_ISL_2550806
SRR15115739	EPI_ISL_2550797
SRR15115740	EPI_ISL_2550796
SRR15115506	EPI_ISL_2550818
SRR15115507	EPI_ISL_2550817
SRR15115508	EPI_ISL_2550816
SRR15115509	EPI_ISL_2550815
SRR15115510	EPI_ISL_2550822
SRR15115511	EPI_ISL_2550821
SRR15115512	EPI_ISL_2550820
SRR15115513	EPI_ISL_2550819
SRR15070182	EPI_ISL_2604832
SRR15070183	EPI_ISL_2604831
SRR15070184	EPI_ISL_2604830
SRR15070185	EPI_ISL_2604829
SRR15070186	EPI_ISL_2604828
SRR15070187	EPI_ISL_2604865
SRR15070188	EPI_ISL_2604864
SRR15070189	EPI_ISL_2604863
SRR15070190	EPI_ISL_2604862
SRR15070191	EPI_ISL_2604827
SRR15070192	EPI_ISL_2604861
SRR15070193	EPI_ISL_2604860
SRR15070194	EPI_ISL_2604859
SRR15070195	EPI_ISL_2604858
SRR15070196	EPI_ISL_2604857
SRR15070197	EPI_ISL_2604856
SRR15070198	EPI_ISL_2604855
SRR15070199	EPI_ISL_2604854
SRR15070201	EPI_ISL_2604853
SRR15070202	EPI_ISL_2604826
SRR15070203	EPI_ISL_2604852
SRR15070204	EPI_ISL_2604851
SRR15070205	EPI_ISL_2604850
SRR15070206	EPI_ISL_2604849
SRR15070207	EPI_ISL_2604848
SRR15070208	EPI_ISL_2604847
SRR15070209	EPI_ISL_2604846
SRR15070210	EPI_ISL_2604845
SRR15070211	EPI_ISL_2604844
SRR15070212	EPI_ISL_2604843
SRR15070213	EPI_ISL_2604825
SRR15070214	EPI_ISL_2604842
SRR15070215	EPI_ISL_2604841
SRR15070216	EPI_ISL_2604841
SRR15070217	EPI_ISL_2604839
SRR15070218	EPI_ISL_2604838
SRR15070219	EPI_ISL_2604837
SRR15070220	EPI_ISL_2604836
SRR15070221	EPI_ISL_2604835
SRR15070222	EPI_ISL_2604834
SRR15070223	EPI_ISL_2604833
SRR15070224	EPI_ISL_2604824
SRR15070225	EPI_ISL_2604823
SRR15068970	EPI_ISL_2603865
SRR15068971	EPI_ISL_2603864
SRR15068973	EPI_ISL_2603863
SRR15068974	EPI_ISL_2603862
SRR15068975	EPI_ISL_2603897
SRR15068976	EPI_ISL_2603896
SRR15068977	EPI_ISL_2603895
SRR15068978	EPI_ISL_2603861
SRR15068979	EPI_ISL_2603894
SRR15068980	EPI_ISL_2603893
SRR15068981	EPI_ISL_2603892
SRR15068982	EPI_ISL_2603891
SRR15068983	EPI_ISL_2603890
SRR15068984	EPI_ISL_2603889
SRR15068985	EPI_ISL_2603888
SRR15068986	EPI_ISL_2603887
SRR15068987	EPI_ISL_2603886
SRR15068988	EPI_ISL_2603885
SRR15068989	EPI_ISL_2603860
SRR15068990	EPI_ISL_2603884
SRR15068991	EPI_ISL_2603883
SRR15068992	EPI_ISL_2603882
SRR15068993	EPI_ISL_2603881
SRR15068994	EPI_ISL_2603880
SRR15068995	EPI_ISL_2603879
SRR15068996	EPI_ISL_2603878
SRR15068997	EPI_ISL_2603877
SRR15068998	EPI_ISL_2603876
SRR15068999	EPI_ISL_2603875
SRR15069000	EPI_ISL_2603859
SRR15069001	EPI_ISL_2603874
SRR15069002	EPI_ISL_2603873
SRR15069003	EPI_ISL_2603872
SRR15069004	EPI_ISL_2603871
SRR15069006	EPI_ISL_2603870
SRR15069007	EPI_ISL_2603869
SRR15069008	EPI_ISL_2603868
SRR15069009	EPI_ISL_2603867
SRR15069010	EPI_ISL_2603866
SRR15069011	EPI_ISL_2603858
SRR15003081	EPI_ISL_1819269
SRR15003082	EPI_ISL_1823108
SRR15003083	EPI_ISL_1819268
SRR15003084	EPI_ISL_1819267
SRR15003085	EPI_ISL_1819266
SRR15003086	EPI_ISL_1819265
SRR15003087	EPI_ISL_1819264
SRR15003088	EPI_ISL_1819281
SRR15003089	EPI_ISL_1819280
SRR15003090	EPI_ISL_1819263
SRR15003091	EPI_ISL_1819279
SRR15003092	EPI_ISL_1819278
SRR15003093	EPI_ISL_1819277
SRR15003094	EPI_ISL_1819276
SRR15003095	EPI_ISL_1819275
SRR15003096	EPI_ISL_1819274
SRR15003097	EPI_ISL_1819273
SRR15003098	EPI_ISL_1819272
SRR15003099	EPI_ISL_1819271
SRR15003100	EPI_ISL_1819270
SRR15003101	EPI_ISL_1819262
SRR15003102	EPI_ISL_1819261
SRR15002551	EPI_ISL_1785969
SRR15002552	EPI_ISL_1753004
SRR15002553	EPI_ISL_1753003
SRR15002554	EPI_ISL_1753002
SRR15002555	EPI_ISL_1753001
SRR15002556	EPI_ISL_1753000
SRR15002557	EPI_ISL_1752999
SRR15002558	EPI_ISL_1785982
SRR15002559	EPI_ISL_1785981
SRR15002560	EPI_ISL_1785980
SRR15002561	EPI_ISL_1785979
SRR15002562	EPI_ISL_1752998
SRR15002563	EPI_ISL_1785978
SRR15002564	EPI_ISL_1785977
SRR15002565	EPI_ISL_1805573
SRR15002566	EPI_ISL_1785976
SRR15002567	EPI_ISL_1785975
SRR15002568	EPI_ISL_1785974
SRR15002569	EPI_ISL_1785973
SRR15002570	EPI_ISL_1785972
SRR15002571	EPI_ISL_1785971
SRR15002572	EPI_ISL_1785970
SRR15002573	EPI_ISL_1752997
SRR15002574	EPI_ISL_1752996
SRR15001652	EPI_ISL_2657668
SRR15001653	EPI_ISL_2657667
SRR15001654	EPI_ISL_2657666
SRR15001655	EPI_ISL_2657665
SRR15001657	EPI_ISL_2657664
SRR14859525	EPI_ISL_407896
SRR14859526	EPI_ISL_436097
SRR14859527	EPI_ISL_436097
SRR14808782	EPI_ISL_2443722
SRR14808793	EPI_ISL_2443721
SRR14808804	EPI_ISL_2443720
SRR14808810	EPI_ISL_2443777
SRR14808811	EPI_ISL_2443776
SRR14808812	EPI_ISL_2443775
SRR14808813	EPI_ISL_2443774
SRR14808814	EPI_ISL_2443773
SRR14808815	EPI_ISL_2443719
SRR14808816	EPI_ISL_2443772
SRR14808817	EPI_ISL_2443771
SRR14808818	EPI_ISL_2443770
SRR14808819	EPI_ISL_2443769
SRR14808820	EPI_ISL_2443768
SRR14808821	EPI_ISL_2443767
SRR14808822	EPI_ISL_2443766
SRR14808823	EPI_ISL_2443765
SRR14808824	EPI_ISL_2443764
SRR14808825	EPI_ISL_2443763
SRR14808826	EPI_ISL_2443718
SRR14808827	EPI_ISL_2443762
SRR14808828	EPI_ISL_2443761
SRR14808829	EPI_ISL_2443760
SRR14808830	EPI_ISL_2443759
SRR14808831	EPI_ISL_2443758
SRR14808832	EPI_ISL_2443757
SRR14808833	EPI_ISL_2443756
SRR14808834	EPI_ISL_2443755
SRR14808835	EPI_ISL_2443754
SRR14808836	EPI_ISL_2443753
SRR14808837	EPI_ISL_2443717
SRR14808838	EPI_ISL_2443752
SRR14808839	EPI_ISL_2443751
SRR14808840	EPI_ISL_2443750
SRR14808841	EPI_ISL_2443749
SRR14808842	EPI_ISL_2443748
SRR14808843	EPI_ISL_2443747
SRR14808844	EPI_ISL_2443746
SRR14808845	EPI_ISL_2443745
SRR14808846	EPI_ISL_2443744
SRR14808847	EPI_ISL_2443743
SRR14808848	EPI_ISL_2443716
SRR14808849	EPI_ISL_2443742
SRR14808850	EPI_ISL_2443741
SRR14808851	EPI_ISL_2443740
SRR14808852	EPI_ISL_2443739
SRR14808853	EPI_ISL_2443738
SRR14808854	EPI_ISL_2443737
SRR14808855	EPI_ISL_2443736
SRR14808856	EPI_ISL_2443735
SRR14808857	EPI_ISL_2443734
SRR14808858	EPI_ISL_2443733
SRR14808859	EPI_ISL_2443715
SRR14808860	EPI_ISL_2443732
SRR14808861	EPI_ISL_2443731
SRR14808862	EPI_ISL_2443730
SRR14808863	EPI_ISL_2443729
SRR14808864	EPI_ISL_2443728
SRR14808865	EPI_ISL_2443727
SRR14808866	EPI_ISL_2443726
SRR14808867	EPI_ISL_2443725
SRR14808868	EPI_ISL_2443724
SRR14808869	EPI_ISL_2443723
SRR14808870	EPI_ISL_2443714
SRR14808871	EPI_ISL_2443713
SRR14791380	EPI_ISL_2100158
SRR14791381	EPI_ISL_2137381
SRR14791382	EPI_ISL_2100157
SRR14791383	EPI_ISL_2100156
SRR14791384	EPI_ISL_2160743
SRR14791385	EPI_ISL_2100184
SRR14791386	EPI_ISL_2100183
SRR14791387	EPI_ISL_2100182
SRR14791388	EPI_ISL_2100181
SRR14791389	EPI_ISL_2100180
SRR14791390	EPI_ISL_2100179
SRR14791391	EPI_ISL_2100178
SRR14791392	EPI_ISL_2137383
SRR14791393	EPI_ISL_2100155
SRR14791394	EPI_ISL_2100177
SRR14791395	EPI_ISL_2100176
SRR14791396	EPI_ISL_2137382
SRR14791397	EPI_ISL_2100175
SRR14791398	EPI_ISL_2100174
SRR14791399	EPI_ISL_2100173
SRR14791400	EPI_ISL_2100172
SRR14791401	EPI_ISL_2100171
SRR14791402	EPI_ISL_2100170
SRR14791403	EPI_ISL_2100169
SRR14791404	EPI_ISL_2100154
SRR14791405	EPI_ISL_2011688
SRR14791406	EPI_ISL_2036963
SRR14791407	EPI_ISL_2036962
SRR14791408	EPI_ISL_2036961
SRR14791409	EPI_ISL_2036960
SRR14791410	EPI_ISL_2036959
SRR14791411	EPI_ISL_2036958
SRR14791412	EPI_ISL_2036957
SRR14791413	EPI_ISL_2036956
SRR14791414	EPI_ISL_2036955
SRR14791415	EPI_ISL_2100153
SRR14791416	EPI_ISL_2036954
SRR14791417	EPI_ISL_2036953
SRR14791418	EPI_ISL_2036952
SRR14791419	EPI_ISL_2036951
SRR14791420	EPI_ISL_2036950
SRR14791421	EPI_ISL_2036949
SRR14791422	EPI_ISL_2036948
SRR14791423	EPI_ISL_2036947
SRR14791424	EPI_ISL_2036946
SRR14791425	EPI_ISL_2036945
SRR14791426	EPI_ISL_2100152
SRR14791427	EPI_ISL_2100168
SRR14791428	EPI_ISL_2100167
SRR14791429	EPI_ISL_2100166
SRR14791430	EPI_ISL_2100165
SRR14791431	EPI_ISL_2100164
SRR14791432	EPI_ISL_2100163
SRR14791433	EPI_ISL_2100162
SRR14791434	EPI_ISL_2100161
SRR14791435	EPI_ISL_2100160
SRR14791436	EPI_ISL_2100159
SRR14791437	EPI_ISL_2100151
SRR14791438	EPI_ISL_2100150
SRR14779374	EPI_ISL_2134809
SRR14779336	EPI_ISL_2134808
SRR14779337	EPI_ISL_2134800
SRR14779338	EPI_ISL_2134799
SRR14779339	EPI_ISL_2134807
SRR14779340	EPI_ISL_2134806
SRR14779341	EPI_ISL_2134805
SRR14779342	EPI_ISL_2246222
SRR14779343	EPI_ISL_2246221
SRR14779344	EPI_ISL_2246220
SRR14779345	EPI_ISL_2246219
SRR14779335	EPI_ISL_2176279
SRR14779347	EPI_ISL_2176276
SRR14779348	EPI_ISL_2176273
SRR14779349	EPI_ISL_2176270
SRR14779350	EPI_ISL_2176266
SRR14779351	EPI_ISL_2176263
SRR14779352	EPI_ISL_2176261
SRR14779353	EPI_ISL_2176257
SRR14779354	EPI_ISL_2134802
SRR14779355	EPI_ISL_2176253
SRR14779356	EPI_ISL_2176250
SRR14779357	EPI_ISL_2176248
SRR14779358	EPI_ISL_2176244
SRR14779359	EPI_ISL_2176242
SRR14779360	EPI_ISL_2176240
SRR14779361	EPI_ISL_2176238
SRR14779362	EPI_ISL_2176237
SRR14779363	EPI_ISL_2134819
SRR14779364	EPI_ISL_2134818
SRR14779365	EPI_ISL_2134801
SRR14779366	EPI_ISL_2134817
SRR14779367	EPI_ISL_2134816
SRR14779368	EPI_ISL_2134815
SRR14779369	EPI_ISL_2134814
SRR14779370	EPI_ISL_2134813
SRR14779371	EPI_ISL_2134812
SRR14779372	EPI_ISL_2134811
SRR14779373	EPI_ISL_2134810
SRR14779346	EPI_ISL_2246218
SRR14779375	EPI_ISL_2246216
SRR14779376	EPI_ISL_2246215
SRR14779377	EPI_ISL_2137759
SRR14779378	EPI_ISL_2246214
SRR14779379	EPI_ISL_2246213
SRR14779380	EPI_ISL_2246212
SRR14779381	EPI_ISL_2246211
SRR14779382	EPI_ISL_2259412
SRR14779383	EPI_ISL_2246210
SRR14779384	EPI_ISL_2246209
SRR14779385	EPI_ISL_2246208
SRR14779386	EPI_ISL_2246207
SRR14779387	EPI_ISL_2246205
SRR14779388	EPI_ISL_2134804
SRR14779389	EPI_ISL_2246204
SRR14779390	EPI_ISL_2246203
SRR14779391	EPI_ISL_2246202
SRR14779392	EPI_ISL_2246201
SRR14779393	EPI_ISL_2259411
SRR14779394	EPI_ISL_2246200
SRR14779395	EPI_ISL_2176297
SRR14779396	EPI_ISL_2176294
SRR14779397	EPI_ISL_2176290
SRR14779398	EPI_ISL_2176287
SRR14779399	EPI_ISL_2134803
SRR14779400	EPI_ISL_2176284
SRR14779401	EPI_ISL_2176282
SRR14773779	EPI_ISL_1629784
SRR14773780	EPI_ISL_1629784
SRR14773781	EPI_ISL_1629783
SRR14773782	EPI_ISL_1629783
SRR14773783	EPI_ISL_1629782
SRR14773784	EPI_ISL_1629781
SRR14773785	EPI_ISL_1629780
SRR14773786	EPI_ISL_1629779
SRR14773787	EPI_ISL_1629778
SRR14773788	EPI_ISL_1629777
SRR14773789	EPI_ISL_812461
SRR14773790	EPI_ISL_1629776
SRR14773791	EPI_ISL_1629775
SRR14773792	EPI_ISL_1629774
SRR14773793	EPI_ISL_1629773
SRR14773794	EPI_ISL_1629772
SRR14773795	EPI_ISL_1629771
SRR14773796	EPI_ISL_1629770
SRR14773797	EPI_ISL_1629769
SRR14773798	EPI_ISL_1629768
SRR14773799	EPI_ISL_1629767
SRR14773800	EPI_ISL_812460
SRR14773801	EPI_ISL_1629766
SRR14773802	EPI_ISL_1629765
SRR14773803	EPI_ISL_1629763
SRR14773804	EPI_ISL_1629762
SRR14773805	EPI_ISL_812517
SRR14773806	EPI_ISL_812516
SRR14773807	EPI_ISL_812515
SRR14773808	EPI_ISL_812514
SRR14773809	EPI_ISL_812513
SRR14773810	EPI_ISL_812512
SRR14773811	EPI_ISL_812459
SRR14773812	EPI_ISL_812511
SRR14773813	EPI_ISL_812510
SRR14773814	EPI_ISL_812721
SRR14773815	EPI_ISL_812720
SRR14773816	EPI_ISL_812719
SRR14773817	EPI_ISL_812509
SRR14773818	EPI_ISL_812718
SRR14773819	EPI_ISL_812508
SRR14773820	EPI_ISL_812507
SRR14773821	EPI_ISL_812506
SRR14773822	EPI_ISL_812458
SRR14773823	EPI_ISL_812505
SRR14773824	EPI_ISL_812504
SRR14773825	EPI_ISL_812503
SRR14773826	EPI_ISL_812717
SRR14773827	EPI_ISL_812502
SRR14773828	EPI_ISL_812501
SRR14773829	EPI_ISL_812500
SRR14773830	EPI_ISL_812499
SRR14773831	EPI_ISL_812498
SRR14773832	EPI_ISL_812497
SRR14773833	EPI_ISL_812457
SRR14773834	EPI_ISL_812496
SRR14773835	EPI_ISL_812495
SRR14773836	EPI_ISL_812494
SRR14773837	EPI_ISL_812493
SRR14773838	EPI_ISL_812492
SRR14773839	EPI_ISL_812491
SRR14773840	EPI_ISL_812490
SRR14773841	EPI_ISL_812716
SRR14773842	EPI_ISL_812489
SRR14773843	EPI_ISL_812488
SRR14773844	EPI_ISL_812456
SRR14773845	EPI_ISL_812487
SRR14773846	EPI_ISL_812486
SRR14773847	EPI_ISL_812485
SRR14773848	EPI_ISL_812484
SRR14773849	EPI_ISL_812483
SRR14773850	EPI_ISL_812482
SRR14773851	EPI_ISL_812481
SRR14773852	EPI_ISL_812480
SRR14773853	EPI_ISL_812479
SRR14773854	EPI_ISL_812478
SRR14773855	EPI_ISL_812455
SRR14773856	EPI_ISL_812715
SRR14773857	EPI_ISL_812477
SRR14773858	EPI_ISL_812476
SRR14773859	EPI_ISL_812714
SRR14773860	EPI_ISL_812475
SRR14773861	EPI_ISL_812474
SRR14773862	EPI_ISL_812473
SRR14773863	EPI_ISL_812472
SRR14773864	EPI_ISL_812471
SRR14773865	EPI_ISL_812713
SRR14773866	EPI_ISL_812454
SRR14773867	EPI_ISL_812712
SRR14773868	EPI_ISL_812470
SRR14773869	EPI_ISL_812469
SRR14773870	EPI_ISL_812468
SRR14773871	EPI_ISL_812467
SRR14773872	EPI_ISL_812466
SRR14773873	EPI_ISL_812465
SRR14773874	EPI_ISL_812464
SRR14773875	EPI_ISL_1629808
SRR14773876	EPI_ISL_1629798
SRR14773877	EPI_ISL_1629798
SRR14773878	EPI_ISL_1629797
SRR14773879	EPI_ISL_1629797
SRR14773880	EPI_ISL_1629794
SRR14773881	EPI_ISL_1629794
SRR14773882	EPI_ISL_812463
SRR14773883	EPI_ISL_1629793
SRR14773884	EPI_ISL_1629793
SRR14773885	EPI_ISL_1629791
SRR14773886	EPI_ISL_1629791
SRR14773887	EPI_ISL_1629789
SRR14773888	EPI_ISL_1629789
SRR14773889	EPI_ISL_1629786
SRR14773890	EPI_ISL_1629786
SRR14773891	EPI_ISL_1629785
SRR14773892	EPI_ISL_1629785
SRR14773893	EPI_ISL_812462
SRR14773894	EPI_ISL_812453
SRR14773895	EPI_ISL_812452
SRR14769712	EPI_ISL_2332820
SRR14769713	EPI_ISL_2332819
SRR14769714	EPI_ISL_2332818
SRR14769715	EPI_ISL_2332817
SRR14769716	EPI_ISL_2332816
SRR14769717	EPI_ISL_2332815
SRR14769718	EPI_ISL_2332814
SRR14769719	EPI_ISL_2382542
SRR14769720	EPI_ISL_2400392
SRR14769721	EPI_ISL_2400391
SRR14769722	EPI_ISL_2400390
SRR14769723	EPI_ISL_2400389
SRR14769724	EPI_ISL_2400388
SRR14769725	EPI_ISL_2400387
SRR14769726	EPI_ISL_2332831
SRR14769727	EPI_ISL_2332830
SRR14769728	EPI_ISL_2332813
SRR14769729	EPI_ISL_2332829
SRR14769730	EPI_ISL_2332828
SRR14769731	EPI_ISL_2332827
SRR14769732	EPI_ISL_2375499
SRR14769733	EPI_ISL_2332826
SRR14769734	EPI_ISL_2332825
SRR14769735	EPI_ISL_2332824
SRR14769736	EPI_ISL_2332823
SRR14769737	EPI_ISL_2332822
SRR14769738	EPI_ISL_2332821
SRR14769739	EPI_ISL_2332812
SRR14769740	EPI_ISL_2375498
SRR14767191	EPI_ISL_2425453
SRR14767192	EPI_ISL_2425452
SRR14767193	EPI_ISL_2425451
SRR14767194	EPI_ISL_2425450
SRR14767195	EPI_ISL_2425449
SRR14767196	EPI_ISL_2425448
SRR14767197	EPI_ISL_2425447
SRR14767198	EPI_ISL_2425446
SRR14767199	EPI_ISL_2425445
SRR14767200	EPI_ISL_2425444
SRR14752798	EPI_ISL_812447
SRR14752799	EPI_ISL_812448
SRR14752800	EPI_ISL_812449
SRR14752801	EPI_ISL_812450
SRR14752802	EPI_ISL_812451
SRR14752803	EPI_ISL_729904
SRR14752804	EPI_ISL_812444
SRR14752805	EPI_ISL_812445
SRR14752806	EPI_ISL_812446
SRR14752807	EPI_ISL_729869
SRR14752808	EPI_ISL_729902
SRR14752809	EPI_ISL_729911
SRR14752810	EPI_ISL_729912
SRR14752811	EPI_ISL_729913
SRR14752812	EPI_ISL_729914
SRR14752813	EPI_ISL_729870
SRR14752814	EPI_ISL_729915
SRR14752815	EPI_ISL_729916
SRR14752816	EPI_ISL_729917
SRR14752817	EPI_ISL_729918
SRR14752818	EPI_ISL_729919
SRR14752819	EPI_ISL_729903
SRR14752820	EPI_ISL_729871
SRR14752821	EPI_ISL_812443
SRR14752822	EPI_ISL_729905
SRR14752823	EPI_ISL_729906
SRR14752824	EPI_ISL_729907
SRR14752825	EPI_ISL_729908
SRR14752826	EPI_ISL_729909
SRR14752827	EPI_ISL_729910
SRR14751989	EPI_ISL_2273101
SRR14751990	EPI_ISL_2273100
SRR14751991	EPI_ISL_2273099
SRR14751992	EPI_ISL_2273098
SRR14751993	EPI_ISL_2273097
SRR14751994	EPI_ISL_2273137
SRR14751995	EPI_ISL_2273136
SRR14751996	EPI_ISL_2273135
SRR14751997	EPI_ISL_2273134
SRR14751998	EPI_ISL_2273133
SRR14751999	EPI_ISL_2273132
SRR14752000	EPI_ISL_2273131
SRR14752001	EPI_ISL_2273130
SRR14752002	EPI_ISL_2273096
SRR14752003	EPI_ISL_2273129
SRR14752004	EPI_ISL_2273128
SRR14752005	EPI_ISL_2273127
SRR14752006	EPI_ISL_2273126
SRR14752007	EPI_ISL_2273125
SRR14752008	EPI_ISL_2273124
SRR14752009	EPI_ISL_2273123
SRR14752010	EPI_ISL_2273122
SRR14752011	EPI_ISL_2273121
SRR14752012	EPI_ISL_2273120
SRR14752013	EPI_ISL_2273095
SRR14752014	EPI_ISL_2273119
SRR14752015	EPI_ISL_2273118
SRR14752016	EPI_ISL_2382312
SRR14752017	EPI_ISL_2273117
SRR14752018	EPI_ISL_2382311
SRR14752019	EPI_ISL_2273116
SRR14752020	EPI_ISL_2273115
SRR14752021	EPI_ISL_2273114
SRR14752022	EPI_ISL_2273113
SRR14752023	EPI_ISL_2273112
SRR14752024	EPI_ISL_2273094
SRR14752025	EPI_ISL_2273111
SRR14752026	EPI_ISL_2273110
SRR14752027	EPI_ISL_2273109
SRR14752028	EPI_ISL_2273108
SRR14752029	EPI_ISL_2273107
SRR14752030	EPI_ISL_2273106
SRR14752031	EPI_ISL_2273105
SRR14752032	EPI_ISL_2273104
SRR14752033	EPI_ISL_2273103
SRR14752034	EPI_ISL_2273102
SRR14752035	EPI_ISL_2273093
SRR14752036	EPI_ISL_2273092
SRR14725005	EPI_ISL_568554
SRR14725006	EPI_ISL_540962
SRR14725007	EPI_ISL_568553
SRR14725008	EPI_ISL_568552
SRR14725009	EPI_ISL_568551
SRR14725010	EPI_ISL_568550
SRR14725011	EPI_ISL_568549
SRR14725012	EPI_ISL_568548
SRR14725013	EPI_ISL_568547
SRR14725014	EPI_ISL_568546
SRR14725015	EPI_ISL_568545
SRR14725016	EPI_ISL_568544
SRR14725017	EPI_ISL_540961
SRR14725018	EPI_ISL_568543
SRR14725019	EPI_ISL_568542
SRR14725020	EPI_ISL_568541
SRR14725021	EPI_ISL_568540
SRR14725022	EPI_ISL_568539
SRR14725023	EPI_ISL_568538
SRR14725024	EPI_ISL_568537
SRR14725025	EPI_ISL_568536
SRR14725026	EPI_ISL_568535
SRR14725027	EPI_ISL_568534
SRR14725028	EPI_ISL_540960
SRR14725029	EPI_ISL_540991
SRR14725030	EPI_ISL_540990
SRR14725031	EPI_ISL_540989
SRR14725032	EPI_ISL_540988
SRR14725033	EPI_ISL_540987
SRR14725034	EPI_ISL_540986
SRR14725035	EPI_ISL_540985
SRR14725036	EPI_ISL_540984
SRR14725037	EPI_ISL_540957
SRR14725038	EPI_ISL_540983
SRR14725039	EPI_ISL_540982
SRR14725040	EPI_ISL_540981
SRR14725041	EPI_ISL_540980
SRR14725042	EPI_ISL_540979
SRR14725043	EPI_ISL_540978
SRR14725044	EPI_ISL_540977
SRR14725045	EPI_ISL_540976
SRR14725046	EPI_ISL_540975
SRR14725047	EPI_ISL_540974
SRR14725048	EPI_ISL_540956
SRR14725049	EPI_ISL_540973
SRR14725050	EPI_ISL_540972
SRR14725051	EPI_ISL_540971
SRR14725052	EPI_ISL_540970
SRR14725053	EPI_ISL_540969
SRR14725054	EPI_ISL_540968
SRR14725055	EPI_ISL_540967
SRR14725056	EPI_ISL_540966
SRR14725057	EPI_ISL_729901
SRR14725058	EPI_ISL_729900
SRR14725059	EPI_ISL_729899
SRR14725060	EPI_ISL_729868
SRR14725061	EPI_ISL_729898
SRR14725062	EPI_ISL_729867
SRR14725063	EPI_ISL_729897
SRR14725064	EPI_ISL_729896
SRR14725065	EPI_ISL_729895
SRR14725066	EPI_ISL_540965
SRR14725067	EPI_ISL_729866
SRR14725068	EPI_ISL_729894
SRR14725069	EPI_ISL_729865
SRR14725070	EPI_ISL_729893
SRR14725071	EPI_ISL_729892
SRR14725072	EPI_ISL_729891
SRR14725073	EPI_ISL_729890
SRR14725074	EPI_ISL_729889
SRR14725075	EPI_ISL_729888
SRR14725076	EPI_ISL_729887
SRR14725077	EPI_ISL_729886
SRR14725078	EPI_ISL_729864
SRR14725079	EPI_ISL_729885
SRR14725080	EPI_ISL_729884
SRR14725081	EPI_ISL_729883
SRR14725082	EPI_ISL_729882
SRR14725083	EPI_ISL_729863
SRR14725084	EPI_ISL_729881
SRR14725085	EPI_ISL_729880
SRR14725086	EPI_ISL_729862
SRR14725087	EPI_ISL_540963
SRR14725088	EPI_ISL_729879
SRR14725089	EPI_ISL_729878
SRR14725090	EPI_ISL_729877
SRR14725091	EPI_ISL_729876
SRR14725092	EPI_ISL_729875
SRR14725093	EPI_ISL_729874
SRR14725094	EPI_ISL_729873
SRR14725095	EPI_ISL_729872
SRR14725096	EPI_ISL_568555
SRR14725097	EPI_ISL_568533
SRR14725098	EPI_ISL_568532
SRR14725099	EPI_ISL_568531
SRR14725100	EPI_ISL_568530
SRR14725101	EPI_ISL_568529
SRR14725102	EPI_ISL_568528
SRR14725103	EPI_ISL_568527
SRR14725104	EPI_ISL_568526
SRR14725105	EPI_ISL_568525
SRR14725106	EPI_ISL_568524
SRR14725107	EPI_ISL_540959
SRR14725108	EPI_ISL_568523
SRR14725109	EPI_ISL_568522
SRR14725110	EPI_ISL_568521
SRR14725111	EPI_ISL_568520
SRR14725112	EPI_ISL_568519
SRR14725113	EPI_ISL_568518
SRR14725114	EPI_ISL_568517
SRR14725115	EPI_ISL_568516
SRR14725116	EPI_ISL_568515
SRR14725117	EPI_ISL_568514
SRR14725118	EPI_ISL_540958
SRR14725119	EPI_ISL_568513
SRR14725120	EPI_ISL_540992
SRR14725121	EPI_ISL_540964
SRR14725122	EPI_ISL_568512
SRR14725123	EPI_ISL_540955
SRR14678990	EPI_ISL_2001213
SRR14678991	EPI_ISL_2001115
SRR14678992	EPI_ISL_2001114
SRR14678993	EPI_ISL_1972895
SRR14678994	EPI_ISL_1972894
SRR14678995	EPI_ISL_1972893
SRR14678996	EPI_ISL_1972892
SRR14678997	EPI_ISL_2009595
SRR14678998	EPI_ISL_2009530
SRR14678999	EPI_ISL_2009529
SRR14679000	EPI_ISL_2009305
SRR14679001	EPI_ISL_2009234
SRR14679002	EPI_ISL_2009233
SRR14679003	EPI_ISL_2009232
SRR14679004	EPI_ISL_2009193
SRR14679005	EPI_ISL_2009116
SRR14679006	EPI_ISL_2001659
SRR14679007	EPI_ISL_1972891
SRR14679008	EPI_ISL_2001656
SRR14679009	EPI_ISL_2001655
SRR14679010	EPI_ISL_2001654
SRR14679011	EPI_ISL_2001645
SRR14679012	EPI_ISL_2001644
SRR14679013	EPI_ISL_2001643
SRR14679014	EPI_ISL_2001482
SRR14679015	EPI_ISL_2001481
SRR14679016	EPI_ISL_2001430
SRR14679017	EPI_ISL_2001429
SRR14679018	EPI_ISL_1972890
SRR14679019	EPI_ISL_1972889
SRR14670950	EPI_ISL_529065
SRR14670951	EPI_ISL_529065
SRR14670952	EPI_ISL_529069
SRR14670953	EPI_ISL_529070
SRR14670954	EPI_ISL_529070
SRR14670955	EPI_ISL_529071
SRR14670956	EPI_ISL_540928
SRR14670957	EPI_ISL_540927
SRR14670958	EPI_ISL_529066
SRR14670959	EPI_ISL_529071
SRR14670960	EPI_ISL_540924
SRR14670961	EPI_ISL_529072
SRR14670962	EPI_ISL_529072
SRR14670963	EPI_ISL_540925
SRR14670964	EPI_ISL_540926
SRR14670965	EPI_ISL_568510
SRR14670966	EPI_ISL_540929
SRR14670967	EPI_ISL_540930
SRR14670968	EPI_ISL_540931
SRR14670969	EPI_ISL_540932
SRR14670970	EPI_ISL_540933
SRR14670971	EPI_ISL_540934
SRR14670972	EPI_ISL_540935
SRR14670973	EPI_ISL_529066
SRR14670974	EPI_ISL_529073
SRR14670975	EPI_ISL_529074
SRR14670976	EPI_ISL_529075
SRR14670977	EPI_ISL_529076
SRR14670978	EPI_ISL_529077
SRR14670979	EPI_ISL_529078
SRR14670980	EPI_ISL_529079
SRR14670981	EPI_ISL_540936
SRR14670982	EPI_ISL_540937
SRR14670983	EPI_ISL_540938
SRR14670984	EPI_ISL_529067
SRR14670985	EPI_ISL_540939
SRR14670986	EPI_ISL_540940
SRR14670987	EPI_ISL_540941
SRR14670988	EPI_ISL_568511
SRR14670989	EPI_ISL_540942
SRR14670990	EPI_ISL_540943
SRR14670991	EPI_ISL_540944
SRR14670992	EPI_ISL_540945
SRR14670993	EPI_ISL_540946
SRR14670994	EPI_ISL_540947
SRR14670995	EPI_ISL_540950
SRR14670996	EPI_ISL_540951
SRR14670997	EPI_ISL_540952
SRR14670998	EPI_ISL_540953
SRR14670999	EPI_ISL_540954
SRR14671000	EPI_ISL_540923
SRR14671001	EPI_ISL_529068
SRR14671002	EPI_ISL_529069
SRR14671003	EPI_ISL_529068
SRR14671004	EPI_ISL_540949
SRR14671005	EPI_ISL_540948
SRR14671006	EPI_ISL_529067
SRR14576241	EPI_ISL_2137767
SRR14576242	EPI_ISL_2137766
SRR14576243	EPI_ISL_2137765
SRR14576244	EPI_ISL_2137764
SRR14576245	EPI_ISL_2137763
SRR14576246	EPI_ISL_2137762
SRR14576247	EPI_ISL_2137761
SRR14576248	EPI_ISL_2137760
SRR14476228	EPI_ISL_1278906
SRR14476229	EPI_ISL_1278417
SRR14476230	EPI_ISL_1278866
SRR14476231	EPI_ISL_1278871
SRR14476232	EPI_ISL_1278379
SRR14476233	EPI_ISL_1278413
SRR14476234	EPI_ISL_1278837
SRR14476235	EPI_ISL_1278879
SRR14476236	EPI_ISL_1656518
SRR14476237	EPI_ISL_1278809
SRR14476238	EPI_ISL_1278428
SRR14476239	EPI_ISL_1278485
SRR14476240	EPI_ISL_1278451
SRR14476241	EPI_ISL_1278449
SRR14476242	EPI_ISL_1278918
SRR14476243	EPI_ISL_1278504
SRR14476244	EPI_ISL_1278624
SRR14476245	EPI_ISL_1278623
SRR14476246	EPI_ISL_1278622
SRR14476247	EPI_ISL_1278497
SRR14476248	EPI_ISL_1278621
SRR14476249	EPI_ISL_1278620
SRR14476250	EPI_ISL_1278619
SRR14476251	EPI_ISL_1656488
SRR14476252	EPI_ISL_1278808
SRR14476253	EPI_ISL_1278807
SRR14476254	EPI_ISL_1278550
SRR14476255	EPI_ISL_1278618
SRR14476256	EPI_ISL_1278806
SRR14476257	EPI_ISL_1278805
SRR14476258	EPI_ISL_1278804
SRR14476259	EPI_ISL_1278803
SRR14476260	EPI_ISL_1656485
SRR14476261	EPI_ISL_1278617
SRR14476262	EPI_ISL_1278496
SRR14476263	EPI_ISL_1278471
SRR14476264	EPI_ISL_1278386
SRR14476265	EPI_ISL_1278887
SRR14476266	EPI_ISL_1278868
SRR14476267	EPI_ISL_1278843
SRR14476268	EPI_ISL_1278529
SRR14476269	EPI_ISL_1278530
SRR14476270	EPI_ISL_1278802
SRR14476271	EPI_ISL_1278616
SRR14476272	EPI_ISL_1278801
SRR14476273	EPI_ISL_1278615
SRR14476274	EPI_ISL_1278888
SRR14476275	EPI_ISL_1278531
SRR14476276	EPI_ISL_1278846
SRR14476277	EPI_ISL_1278800
SRR14476278	EPI_ISL_1278384
SRR14476279	EPI_ISL_1278876
SRR14476280	EPI_ISL_1278764
SRR14476281	EPI_ISL_1278614
SRR14476282	EPI_ISL_1278799
SRR14476283	EPI_ISL_1278845
SRR14476284	EPI_ISL_1278798
SRR14476285	EPI_ISL_1278393
SRR14476286	EPI_ISL_1278861
SRR14476287	EPI_ISL_1278416
SRR14476288	EPI_ISL_1656489
SRR14476289	EPI_ISL_1278841
SRR14476290	EPI_ISL_1278763
SRR14476291	EPI_ISL_1278762
SRR14476292	EPI_ISL_1425062
SRR14476293	EPI_ISL_1278391
SRR14476294	EPI_ISL_1425061
SRR14476295	EPI_ISL_1424884
SRR14476296	EPI_ISL_1425060
SRR14476297	EPI_ISL_1425059
SRR14476298	EPI_ISL_1278549
SRR14476299	EPI_ISL_1425058
SRR14476300	EPI_ISL_1425057
SRR14476301	EPI_ISL_1425056
SRR14476302	EPI_ISL_1425055
SRR14476303	EPI_ISL_1278487
SRR14476304	EPI_ISL_1425054
SRR14476305	EPI_ISL_1656517
SRR14476306	EPI_ISL_1425053
SRR14476307	EPI_ISL_1656500
SRR14476308	EPI_ISL_1278797
SRR14476309	EPI_ISL_1278502
SRR14476310	EPI_ISL_1278660
SRR14476311	EPI_ISL_1656508
SRR14476312	EPI_ISL_1278483
SRR14476313	EPI_ISL_1278940
SRR14476314	EPI_ISL_1278761
SRR14476315	EPI_ISL_1278467
SRR14476316	EPI_ISL_1278437
SRR14476317	EPI_ISL_1278435
SRR14476318	EPI_ISL_1278388
SRR14476319	EPI_ISL_1278395
SRR14476320	EPI_ISL_1424978
SRR14476321	EPI_ISL_1278380
SRR14476322	EPI_ISL_1424977
SRR14476323	EPI_ISL_1424976
SRR14476324	EPI_ISL_1424975
SRR14476325	EPI_ISL_1424974
SRR14476326	EPI_ISL_1424973
SRR14476327	EPI_ISL_1424972
SRR14476328	EPI_ISL_1424971
SRR14476329	EPI_ISL_1424970
SRR14476330	EPI_ISL_1424969
SRR14476331	EPI_ISL_1424968
SRR14476332	EPI_ISL_1278452
SRR14476333	EPI_ISL_1424967
SRR14476334	EPI_ISL_1424966
SRR14476335	EPI_ISL_1278923
SRR14476336	EPI_ISL_1278883
SRR14476337	EPI_ISL_1278901
SRR14476338	EPI_ISL_1278844
SRR14476339	EPI_ISL_1278854
SRR14476340	EPI_ISL_1278830
SRR14476341	EPI_ISL_1424965
SRR14476342	EPI_ISL_1278682
SRR14476343	EPI_ISL_1278461
SRR14476344	EPI_ISL_1278897
SRR14476345	EPI_ISL_1424964
SRR14476346	EPI_ISL_1424963
SRR14476347	EPI_ISL_1424962
SRR14476348	EPI_ISL_1424961
SRR14476349	EPI_ISL_1278734
SRR14476350	EPI_ISL_1424960
SRR14476351	EPI_ISL_1278426
SRR14476352	EPI_ISL_1424959
SRR14476353	EPI_ISL_1425052
SRR14476354	EPI_ISL_1278886
SRR14476355	EPI_ISL_1278927
SRR14476356	EPI_ISL_1656478
SRR14476357	EPI_ISL_1278681
SRR14476358	EPI_ISL_1278680
SRR14476359	EPI_ISL_1278415
SRR14476360	EPI_ISL_1424958
SRR14476361	EPI_ISL_1424957
SRR14476362	EPI_ISL_1424956
SRR14476363	EPI_ISL_1424955
SRR14476364	EPI_ISL_1424954
SRR14476365	EPI_ISL_1278506
SRR14476366	EPI_ISL_1278414
SRR14476367	EPI_ISL_1278733
SRR14476368	EPI_ISL_1278732
SRR14475892	EPI_ISL_1278731
SRR14475893	EPI_ISL_1278730
SRR14475894	EPI_ISL_1278862
SRR14475895	EPI_ISL_1278475
SRR14475896	EPI_ISL_1278514
SRR14475897	EPI_ISL_1278679
SRR14475898	EPI_ISL_1278917
SRR14475899	EPI_ISL_1278548
SRR14475900	EPI_ISL_1278903
SRR14475901	EPI_ISL_1278916
SRR14475902	EPI_ISL_1278408
SRR14475903	EPI_ISL_1278838
SRR14475904	EPI_ISL_1278489
SRR14475905	EPI_ISL_1278760
SRR14475906	EPI_ISL_1278729
SRR14475907	EPI_ISL_1278454
SRR14475908	EPI_ISL_1278494
SRR14475909	EPI_ISL_1278613
SRR14475910	EPI_ISL_1656493
SRR14475911	EPI_ISL_1278892
SRR14475912	EPI_ISL_1278564
SRR14475913	EPI_ISL_1278421
SRR14475914	EPI_ISL_1278484
SRR14475915	EPI_ISL_1278532
SRR14475916	EPI_ISL_1424953
SRR14475917	EPI_ISL_1424952
SRR14475918	EPI_ISL_1424951
SRR14475919	EPI_ISL_1424950
SRR14475920	EPI_ISL_1424949
SRR14475921	EPI_ISL_1278382
SRR14475922	EPI_ISL_1424948
SRR14475923	EPI_ISL_1424947
SRR14475924	EPI_ISL_1424946
SRR14475925	EPI_ISL_1656519
SRR14475926	EPI_ISL_1424945
SRR14475927	EPI_ISL_1278678
SRR14475928	EPI_ISL_1278677
SRR14475929	EPI_ISL_1278676
SRR14475930	EPI_ISL_1435653
SRR14475931	EPI_ISL_1278675
SRR14475932	EPI_ISL_1278852
SRR14475933	EPI_ISL_1424944
SRR14475934	EPI_ISL_1278539
SRR14475935	EPI_ISL_1278728
SRR14475936	EPI_ISL_1278727
SRR14475937	EPI_ISL_1424943
SRR14475938	EPI_ISL_1278482
SRR14475939	EPI_ISL_1424942
SRR14475940	EPI_ISL_1278563
SRR14475941	EPI_ISL_1278420
SRR14475942	EPI_ISL_1278394
SRR14475943	EPI_ISL_1278828
SRR14475944	EPI_ISL_1278659
SRR14475945	EPI_ISL_1424941
SRR14475946	EPI_ISL_1278726
SRR14475947	EPI_ISL_1278900
SRR14475948	EPI_ISL_1435651
SRR14475949	EPI_ISL_1278674
SRR14475950	EPI_ISL_1278832
SRR14475951	EPI_ISL_1278458
SRR14475952	EPI_ISL_1278442
SRR14475953	EPI_ISL_1424940
SRR14475954	EPI_ISL_1424939
SRR14475955	EPI_ISL_1278375
SRR14475956	EPI_ISL_1278612
SRR14475957	EPI_ISL_1425051
SRR14475958	EPI_ISL_1278535
SRR14475959	EPI_ISL_1278537
SRR14475960	EPI_ISL_1278931
SRR14475961	EPI_ISL_1278673
SRR14475962	EPI_ISL_1278392
SRR14475963	EPI_ISL_1278825
SRR14475964	EPI_ISL_1278882
SRR14475965	EPI_ISL_1278481
SRR14475966	EPI_ISL_1278547
SRR14475967	EPI_ISL_1656492
SRR14475968	EPI_ISL_1278477
SRR14475969	EPI_ISL_1278672
SRR14475970	EPI_ISL_1278671
SRR14475971	EPI_ISL_1278725
SRR14475972	EPI_ISL_1424938
SRR14475973	EPI_ISL_1424937
SRR14475974	EPI_ISL_1424936
SRR14475975	EPI_ISL_1424935
SRR14475976	EPI_ISL_1424934
SRR14475977	EPI_ISL_1278423
SRR14475978	EPI_ISL_1424933
SRR14475979	EPI_ISL_1656480
SRR14475980	EPI_ISL_1424932
SRR14475981	EPI_ISL_1424931
SRR14475982	EPI_ISL_1424930
SRR14475983	EPI_ISL_1424929
SRR14475984	EPI_ISL_1424928
SRR14475985	EPI_ISL_1424927
SRR14475986	EPI_ISL_1424926
SRR14475987	EPI_ISL_1424925
SRR14475988	EPI_ISL_1278847
SRR14475989	EPI_ISL_1424924
SRR14475990	EPI_ISL_1424923
SRR14475991	EPI_ISL_1424922
SRR14475992	EPI_ISL_1424921
SRR14475993	EPI_ISL_1424920
SRR14475994	EPI_ISL_1278724
SRR14475995	EPI_ISL_1278723
SRR14475996	EPI_ISL_1656510
SRR14475997	EPI_ISL_1278526
SRR14475998	EPI_ISL_1424919
SRR14475999	EPI_ISL_1278875
SRR14476000	EPI_ISL_1278722
SRR14476001	EPI_ISL_1424918
SRR14476002	EPI_ISL_1278721
SRR14476003	EPI_ISL_1278720
SRR14476004	EPI_ISL_1278719
SRR14476005	EPI_ISL_1278718
SRR14476006	EPI_ISL_1425050
SRR14476007	EPI_ISL_1278717
SRR14476008	EPI_ISL_1424917
SRR14476009	EPI_ISL_1278904
SRR14476010	EPI_ISL_1278427
SRR14476011	EPI_ISL_1278716
SRR14476012	EPI_ISL_1278715
SRR14476013	EPI_ISL_1278411
SRR14476014	EPI_ISL_1424916
SRR14476015	EPI_ISL_1424915
SRR14476016	EPI_ISL_1425049
SRR14476017	EPI_ISL_1425048
SRR14476018	EPI_ISL_1425047
SRR14476019	EPI_ISL_1278714
SRR14476020	EPI_ISL_1424914
SRR14476021	EPI_ISL_1278456
SRR14476022	EPI_ISL_1278713
SRR14476023	EPI_ISL_1278712
SRR14476024	EPI_ISL_1278711
SRR14476025	EPI_ISL_1278509
SRR14476026	EPI_ISL_1424913
SRR14476027	EPI_ISL_1278710
SRR14476028	EPI_ISL_1278709
SRR14476029	EPI_ISL_1424912
SRR14476030	EPI_ISL_1278373
SRR14476031	EPI_ISL_1278418
SRR14476032	EPI_ISL_1278433
SRR14476033	EPI_ISL_1278708
SRR14476034	EPI_ISL_1425046
SRR14476035	EPI_ISL_1424911
SRR14476036	EPI_ISL_1278707
SRR14476037	EPI_ISL_1278562
SRR14476038	EPI_ISL_1278556
SRR14476039	EPI_ISL_1278387
SRR14476040	EPI_ISL_1278541
SRR14476041	EPI_ISL_1278472
SRR14476042	EPI_ISL_1424910
SRR14476043	EPI_ISL_1278445
SRR14476044	EPI_ISL_1424909
SRR14476045	EPI_ISL_1424908
SRR14476046	EPI_ISL_1424907
SRR14476047	EPI_ISL_1424906
SRR14476048	EPI_ISL_1656490
SRR14476049	EPI_ISL_1424905
SRR14476050	EPI_ISL_1278476
SRR14476051	EPI_ISL_1278508
SRR14476052	EPI_ISL_1278439
SRR14476053	EPI_ISL_1278464
SRR14476054	EPI_ISL_1278922
SRR14476055	EPI_ISL_1278885
SRR14476056	EPI_ISL_1278460
SRR14476057	EPI_ISL_1278402
SRR14476058	EPI_ISL_1278829
SRR14476059	EPI_ISL_1278873
SRR14476060	EPI_ISL_1278865
SRR14476061	EPI_ISL_1278538
SRR14476062	EPI_ISL_1278385
SRR14476063	EPI_ISL_1278473
SRR14476064	EPI_ISL_1278817
SRR14476065	EPI_ISL_1278377
SRR14476066	EPI_ISL_1278546
SRR14476067	EPI_ISL_1278859
SRR14476068	EPI_ISL_1278863
SRR14476069	EPI_ISL_1278925
SRR14476070	EPI_ISL_1424904
SRR14476071	EPI_ISL_1424903
SRR14476072	EPI_ISL_1278902
SRR14476073	EPI_ISL_1278924
SRR14476074	EPI_ISL_1278706
SRR14476075	EPI_ISL_1278705
SRR14476076	EPI_ISL_1278824
SRR14476077	EPI_ISL_1278834
SRR14476078	EPI_ISL_1278405
SRR14476079	EPI_ISL_1424902
SRR14476080	EPI_ISL_1424901
SRR14476081	EPI_ISL_1424900
SRR14476082	EPI_ISL_1424899
SRR14476083	EPI_ISL_1424898
SRR14476084	EPI_ISL_1424897
SRR14476085	EPI_ISL_1425045
SRR14476086	EPI_ISL_1278534
SRR14476087	EPI_ISL_1656484
SRR14476088	EPI_ISL_1278889
SRR14476089	EPI_ISL_1278926
SRR14476090	EPI_ISL_1425044
SRR14476091	EPI_ISL_1278670
SRR14476092	EPI_ISL_1425043
SRR14476093	EPI_ISL_1425042
SRR14476094	EPI_ISL_1278503
SRR14476095	EPI_ISL_1425041
SRR14476096	EPI_ISL_1425040
SRR14476097	EPI_ISL_1425039
SRR14476098	EPI_ISL_1425038
SRR14476099	EPI_ISL_1656509
SRR14476100	EPI_ISL_1278939
SRR14476101	EPI_ISL_1424896
SRR14476102	EPI_ISL_1425037
SRR14476103	EPI_ISL_1425036
SRR14476104	EPI_ISL_1424895
SRR14476105	EPI_ISL_1278611
SRR14476106	EPI_ISL_1425035
SRR14476107	EPI_ISL_1425034
SRR14476108	EPI_ISL_1424894
SRR14476109	EPI_ISL_1425033
SRR14476110	EPI_ISL_1278545
SRR14476111	EPI_ISL_1656506
SRR14476112	EPI_ISL_1278422
SRR14476113	EPI_ISL_1424893
SRR14476114	EPI_ISL_1425032
SRR14476115	EPI_ISL_1278669
SRR14476116	EPI_ISL_1278668
SRR14476117	EPI_ISL_1425031
SRR14476118	EPI_ISL_1278667
SRR14476119	EPI_ISL_1425075
SRR14476120	EPI_ISL_1278610
SRR14476121	EPI_ISL_1278491
SRR14476122	EPI_ISL_1278849
SRR14476123	EPI_ISL_1424892
SRR14476124	EPI_ISL_1278406
SRR14476125	EPI_ISL_1278470
SRR14476126	EPI_ISL_1278398
SRR14476127	EPI_ISL_1425030
SRR14476128	EPI_ISL_1278759
SRR14476129	EPI_ISL_1278758
SRR14476130	EPI_ISL_1425074
SRR14476131	EPI_ISL_1424891
SRR14476132	EPI_ISL_1278478
SRR14476133	EPI_ISL_1278938
SRR14476134	EPI_ISL_1278937
SRR14476135	EPI_ISL_1425073
SRR14476136	EPI_ISL_1425029
SRR14476137	EPI_ISL_1425028
SRR14476138	EPI_ISL_1278936
SRR14476139	EPI_ISL_1278935
SRR14476140	EPI_ISL_1435649
SRR14476141	EPI_ISL_1278516
SRR14476142	EPI_ISL_1424890
SRR14476143	EPI_ISL_1278443
SRR14476144	EPI_ISL_1424889
SRR14476145	EPI_ISL_1425027
SRR14476146	EPI_ISL_1425026
SRR14476147	EPI_ISL_1278666
SRR14476148	EPI_ISL_1278665
SRR14476149	EPI_ISL_1278664
SRR14476150	EPI_ISL_1278609
SRR14476151	EPI_ISL_1278608
SRR14476152	EPI_ISL_1278607
SRR14476153	EPI_ISL_1278796
SRR14476154	EPI_ISL_1278432
SRR14476155	EPI_ISL_1278839
SRR14476156	EPI_ISL_1424888
SRR14476157	EPI_ISL_1424887
SRR14476158	EPI_ISL_1424886
SRR14476159	EPI_ISL_1278592
SRR14476160	EPI_ISL_1278591
SRR14476161	EPI_ISL_1278590
SRR14476162	EPI_ISL_1278589
SRR14476163	EPI_ISL_1425001
SRR14476164	EPI_ISL_1278588
SRR14476165	EPI_ISL_1278465
SRR14476166	EPI_ISL_1278907
SRR14476167	EPI_ISL_1278587
SRR14476168	EPI_ISL_1425000
SRR14476169	EPI_ISL_1656499
SRR14476170	EPI_ISL_1424999
SRR14476171	EPI_ISL_1424883
SRR14476172	EPI_ISL_1278691
SRR14476173	EPI_ISL_1424998
SRR14476174	EPI_ISL_1278586
SRR14476175	EPI_ISL_1278585
SRR14476176	EPI_ISL_1278584
SRR14476177	EPI_ISL_1278893
SRR14476178	EPI_ISL_1278583
SRR14476179	EPI_ISL_1278582
SRR14476180	EPI_ISL_1278581
SRR14476181	EPI_ISL_1424997
SRR14476182	EPI_ISL_1278580
SRR14476183	EPI_ISL_1278480
SRR14476184	EPI_ISL_1278440
SRR14476185	EPI_ISL_1278579
SRR14476186	EPI_ISL_1278690
SRR14476187	EPI_ISL_1424996
SRR14476188	EPI_ISL_1278855
SRR14476189	EPI_ISL_1424995
SRR14476190	EPI_ISL_1278578
SRR14476191	EPI_ISL_1278577
SRR14476192	EPI_ISL_1278522
SRR14476193	EPI_ISL_1278627
SRR14476194	EPI_ISL_1278524
SRR14476195	EPI_ISL_1278689
SRR14476196	EPI_ISL_1278486
SRR14476197	EPI_ISL_1278626
SRR14476198	EPI_ISL_1278512
SRR14476199	EPI_ISL_1278921
SRR14476200	EPI_ISL_1278576
SRR14476201	EPI_ISL_1278575
SRR14476202	EPI_ISL_1278688
SRR14476203	EPI_ISL_1424882
SRR14476204	EPI_ISL_1278574
SRR14476205	EPI_ISL_1278573
SRR14476206	EPI_ISL_1278533
SRR14476207	EPI_ISL_1278505
SRR14476208	EPI_ISL_1424994
SRR14476209	EPI_ISL_1278572
SRR14476210	EPI_ISL_1278891
SRR14476211	EPI_ISL_1424993
SRR14476212	EPI_ISL_1278687
SRR14476213	EPI_ISL_1278571
SRR14476214	EPI_ISL_1424992
SRR14476215	EPI_ISL_1424991
SRR14476216	EPI_ISL_1278686
SRR14476217	EPI_ISL_1424990
SRR14476218	EPI_ISL_1424989
SRR14476219	EPI_ISL_1278570
SRR14476220	EPI_ISL_1278685
SRR14476221	EPI_ISL_1278409
SRR14476222	EPI_ISL_1278378
SRR14476223	EPI_ISL_1278569
SRR14476224	EPI_ISL_1278684
SRR14476225	EPI_ISL_1278683
SRR14476226	EPI_ISL_1656504
SRR14476227	EPI_ISL_1278523
SRR14475556	EPI_ISL_1424988
SRR14475557	EPI_ISL_1278823
SRR14475558	EPI_ISL_1424987
SRR14475559	EPI_ISL_1278568
SRR14475560	EPI_ISL_1278920
SRR14475561	EPI_ISL_1656486
SRR14475562	EPI_ISL_1278567
SRR14475563	EPI_ISL_1424986
SRR14475564	EPI_ISL_1278822
SRR14475565	EPI_ISL_1278794
SRR14475566	EPI_ISL_1278536
SRR14475567	EPI_ISL_1278566
SRR14475568	EPI_ISL_1278793
SRR14475569	EPI_ISL_1278792
SRR14475570	EPI_ISL_1278403
SRR14475571	EPI_ISL_1278896
SRR14475572	EPI_ISL_1278565
SRR14475573	EPI_ISL_1278791
SRR14475574	EPI_ISL_1435657
SRR14475575	EPI_ISL_1656507
SRR14475576	EPI_ISL_1278521
SRR14475577	EPI_ISL_1278790
SRR14475578	EPI_ISL_1424985
SRR14475579	EPI_ISL_1278789
SRR14475580	EPI_ISL_1278520
SRR14475581	EPI_ISL_1278625
SRR14475582	EPI_ISL_1278857
SRR14475583	EPI_ISL_1278788
SRR14475584	EPI_ISL_1278910
SRR14475585	EPI_ISL_1278787
SRR14475586	EPI_ISL_1278786
SRR14475587	EPI_ISL_1656491
SRR14475588	EPI_ISL_1278785
SRR14475589	EPI_ISL_1278869
SRR14475590	EPI_ISL_1656496
SRR14475591	EPI_ISL_1424984
SRR14475592	EPI_ISL_1278513
SRR14475593	EPI_ISL_1278856
SRR14475594	EPI_ISL_1424983
SRR14475595	EPI_ISL_1278909
SRR14475596	EPI_ISL_1424982
SRR14475597	EPI_ISL_1278462
SRR14475598	EPI_ISL_1424981
SRR14475599	EPI_ISL_1278821
SRR14475600	EPI_ISL_1278784
SRR14475601	EPI_ISL_1278783
SRR14475602	EPI_ISL_1278782
SRR14475603	EPI_ISL_1278781
SRR14475604	EPI_ISL_1278919
SRR14475605	EPI_ISL_1278429
SRR14475606	EPI_ISL_1278780
SRR14475607	EPI_ISL_1278779
SRR14475608	EPI_ISL_1278778
SRR14475609	EPI_ISL_1278500
SRR14475610	EPI_ISL_1278777
SRR14475611	EPI_ISL_1278941
SRR14475612	EPI_ISL_1278776
SRR14475613	EPI_ISL_1278542
SRR14475614	EPI_ISL_1278543
SRR14475615	EPI_ISL_1278820
SRR14475616	EPI_ISL_1278390
SRR14475617	EPI_ISL_1278890
SRR14475618	EPI_ISL_1278775
SRR14475619	EPI_ISL_1278774
SRR14475620	EPI_ISL_1656514
SRR14475621	EPI_ISL_1278853
SRR14475622	EPI_ISL_1278773
SRR14475623	EPI_ISL_1278772
SRR14475624	EPI_ISL_1278771
SRR14475625	EPI_ISL_1278770
SRR14475626	EPI_ISL_1278769
SRR14475627	EPI_ISL_1278436
SRR14475628	EPI_ISL_1278768
SRR14475629	EPI_ISL_1278767
SRR14475630	EPI_ISL_1278381
SRR14475631	EPI_ISL_1278492
SRR14475632	EPI_ISL_1278561
SRR14475633	EPI_ISL_1278766
SRR14475634	EPI_ISL_1424980
SRR14475635	EPI_ISL_1278765
SRR14475636	EPI_ISL_1278389
SRR14475637	EPI_ISL_1278851
SRR14475638	EPI_ISL_1278757
SRR14475639	EPI_ISL_1278383
SRR14475640	EPI_ISL_1278872
SRR14475641	EPI_ISL_1435646
SRR14475642	EPI_ISL_1278560
SRR14475643	EPI_ISL_1278559
SRR14475644	EPI_ISL_1656512
SRR14475645	EPI_ISL_1278434
SRR14475646	EPI_ISL_1278400
SRR14475647	EPI_ISL_1278558
SRR14475648	EPI_ISL_1278444
SRR14475649	EPI_ISL_1425025
SRR14475650	EPI_ISL_1278899
SRR14475651	EPI_ISL_1424979
SRR14475652	EPI_ISL_1278842
SRR14475653	EPI_ISL_1278848
SRR14475654	EPI_ISL_1278463
SRR14475655	EPI_ISL_1278474
SRR14475656	EPI_ISL_1278457
SRR14475657	EPI_ISL_1278870
SRR14475658	EPI_ISL_1278557
SRR14475659	EPI_ISL_1278501
SRR14475660	EPI_ISL_1278407
SRR14475661	EPI_ISL_1278410
SRR14475662	EPI_ISL_1278459
SRR14475663	EPI_ISL_1656494
SRR14475664	EPI_ISL_1278756
SRR14475665	EPI_ISL_1278755
SRR14475666	EPI_ISL_1278396
SRR14475667	EPI_ISL_1278754
SRR14475668	EPI_ISL_1278441
SRR14475669	EPI_ISL_1278753
SRR14475670	EPI_ISL_1278752
SRR14475671	EPI_ISL_1278399
SRR14475672	EPI_ISL_1278934
SRR14475673	EPI_ISL_1278933
SRR14475674	EPI_ISL_1278751
SRR14475675	EPI_ISL_1278750
SRR14475676	EPI_ISL_1278749
SRR14475677	EPI_ISL_1278748
SRR14475678	EPI_ISL_1278747
SRR14475679	EPI_ISL_1278898
SRR14475680	EPI_ISL_1278746
SRR14475681	EPI_ISL_1278745
SRR14475682	EPI_ISL_1278819
SRR14475683	EPI_ISL_1278744
SRR14475684	EPI_ISL_1278511
SRR14475685	EPI_ISL_1278743
SRR14475686	EPI_ISL_1278376
SRR14475687	EPI_ISL_1278742
SRR14475688	EPI_ISL_1656495
SRR14475689	EPI_ISL_1278894
SRR14475690	EPI_ISL_1278425
SRR14475691	EPI_ISL_1278540
SRR14475692	EPI_ISL_1278932
SRR14475693	EPI_ISL_1278881
SRR14475694	EPI_ISL_1278741
SRR14475695	EPI_ISL_1435655
SRR14475696	EPI_ISL_1278740
SRR14475697	EPI_ISL_1278739
SRR14475698	EPI_ISL_1278518
SRR14475699	EPI_ISL_1278507
SRR14475700	EPI_ISL_1425072
SRR14475701	EPI_ISL_1278795
SRR14475702	EPI_ISL_1656481
SRR14475703	EPI_ISL_1278827
SRR14475704	EPI_ISL_1278663
SRR14475705	EPI_ISL_1278606
SRR14475706	EPI_ISL_1278826
SRR14475707	EPI_ISL_1278605
SRR14475708	EPI_ISL_1278604
SRR14475709	EPI_ISL_1278603
SRR14475710	EPI_ISL_1278602
SRR14475711	EPI_ISL_1278601
SRR14475712	EPI_ISL_1278600
SRR14475713	EPI_ISL_1278599
SRR14475714	EPI_ISL_1278598
SRR14475715	EPI_ISL_1278662
SRR14475716	EPI_ISL_1278895
SRR14475717	EPI_ISL_1278597
SRR14475718	EPI_ISL_1425023
SRR14475719	EPI_ISL_1425022
SRR14475720	EPI_ISL_1425021
SRR14475721	EPI_ISL_1425020
SRR14475722	EPI_ISL_1656498
SRR14475723	EPI_ISL_1425019
SRR14475724	EPI_ISL_1425018
SRR14475725	EPI_ISL_1425017
SRR14475726	EPI_ISL_1425016
SRR14475727	EPI_ISL_1278661
SRR14475728	EPI_ISL_1425015
SRR14475729	EPI_ISL_1425014
SRR14475730	EPI_ISL_1656505
SRR14475731	EPI_ISL_1425013
SRR14475732	EPI_ISL_1425012
SRR14475733	EPI_ISL_1425011
SRR14475734	EPI_ISL_1425010
SRR14475735	EPI_ISL_1425009
SRR14475736	EPI_ISL_1425008
SRR14475737	EPI_ISL_1425007
SRR14475738	EPI_ISL_1278515
SRR14475739	EPI_ISL_1425006
SRR14475740	EPI_ISL_1425005
SRR14475741	EPI_ISL_1425004
SRR14475742	EPI_ISL_1425003
SRR14475743	EPI_ISL_1278704
SRR14475744	EPI_ISL_1278703
SRR14475745	EPI_ISL_1278702
SRR14475746	EPI_ISL_1278525
SRR14475747	EPI_ISL_1278701
SRR14475748	EPI_ISL_1278700
SRR14475749	EPI_ISL_1278913
SRR14475750	EPI_ISL_1656516
SRR14475751	EPI_ISL_1278880
SRR14475752	EPI_ISL_1278699
SRR14475753	EPI_ISL_1278517
SRR14475754	EPI_ISL_1278453
SRR14475755	EPI_ISL_1278698
SRR14475756	EPI_ISL_1278878
SRR14475757	EPI_ISL_1278596
SRR14475758	EPI_ISL_1278404
SRR14475759	EPI_ISL_1278595
SRR14475760	EPI_ISL_1278912
SRR14475761	EPI_ISL_1278867
SRR14475762	EPI_ISL_1278594
SRR14475763	EPI_ISL_1278412
SRR14475764	EPI_ISL_1656487
SRR14475765	EPI_ISL_1278419
SRR14475766	EPI_ISL_1278697
SRR14475767	EPI_ISL_1278818
SRR14475768	EPI_ISL_1278864
SRR14475769	EPI_ISL_1278696
SRR14475770	EPI_ISL_1278424
SRR14475771	EPI_ISL_1278908
SRR14475772	EPI_ISL_1278593
SRR14475773	EPI_ISL_1278695
SRR14475774	EPI_ISL_1278694
SRR14475775	EPI_ISL_1425002
SRR14475776	EPI_ISL_1278693
SRR14475777	EPI_ISL_1278692
SRR14475778	EPI_ISL_1278490
SRR14475779	EPI_ISL_1656482
SRR14475780	EPI_ISL_1278658
SRR14475781	EPI_ISL_1278401
SRR14475782	EPI_ISL_1278438
SRR14475783	EPI_ISL_1278657
SRR14475784	EPI_ISL_1278446
SRR14475785	EPI_ISL_1278656
SRR14475786	EPI_ISL_1278655
SRR14475787	EPI_ISL_1278654
SRR14475788	EPI_ISL_1278653
SRR14475789	EPI_ISL_1278905
SRR14475790	EPI_ISL_1278652
SRR14475791	EPI_ISL_1278651
SRR14475792	EPI_ISL_1278650
SRR14475793	EPI_ISL_1278431
SRR14475794	EPI_ISL_1278649
SRR14475795	EPI_ISL_1278648
SRR14475796	EPI_ISL_1278647
SRR14475797	EPI_ISL_1278646
SRR14475798	EPI_ISL_1278645
SRR14475799	EPI_ISL_1278644
SRR14475800	EPI_ISL_1278643
SRR14475801	EPI_ISL_1278911
SRR14475802	EPI_ISL_1278642
SRR14475803	EPI_ISL_1278499
SRR14475804	EPI_ISL_1278430
SRR14475805	EPI_ISL_1278641
SRR14475806	EPI_ISL_1278640
SRR14475807	EPI_ISL_1278639
SRR14475808	EPI_ISL_1278638
SRR14475809	EPI_ISL_1278637
SRR14475810	EPI_ISL_1278636
SRR14475811	EPI_ISL_1278635
SRR14475812	EPI_ISL_1278833
SRR14475813	EPI_ISL_1278634
SRR14475814	EPI_ISL_1278633
SRR14475815	EPI_ISL_1278519
SRR14475816	EPI_ISL_1278632
SRR14475817	EPI_ISL_1656479
SRR14475818	EPI_ISL_1278631
SRR14475819	EPI_ISL_1278630
SRR14475820	EPI_ISL_1278629
SRR14475821	EPI_ISL_1278928
SRR14475822	EPI_ISL_1278628
SRR14475823	EPI_ISL_1278510
SRR14475824	EPI_ISL_1278835
SRR14475825	EPI_ISL_1656513
SRR14475826	EPI_ISL_1656501
SRR14475827	EPI_ISL_1278495
SRR14475828	EPI_ISL_1278374
SRR14475829	EPI_ISL_1656497
SRR14475830	EPI_ISL_1278874
SRR14475831	EPI_ISL_1278836
SRR14475832	EPI_ISL_1278555
SRR14475833	EPI_ISL_1278877
SRR14475834	EPI_ISL_1278469
SRR14475835	EPI_ISL_1278466
SRR14475836	EPI_ISL_1278397
SRR14475837	EPI_ISL_1278858
SRR14475838	EPI_ISL_1278554
SRR14475839	EPI_ISL_1278479
SRR14475840	EPI_ISL_1278455
SRR14475841	EPI_ISL_1278553
SRR14475842	EPI_ISL_1278850
SRR14475843	EPI_ISL_1278860
SRR14475844	EPI_ISL_1278840
SRR14475845	EPI_ISL_1278468
SRR14475846	EPI_ISL_1278493
SRR14475847	EPI_ISL_1278552
SRR14475848	EPI_ISL_1278528
SRR14475849	EPI_ISL_1278447
SRR14475850	EPI_ISL_1278738
SRR14475851	EPI_ISL_1278448
SRR14475852	EPI_ISL_1425071
SRR14475853	EPI_ISL_1278831
SRR14475854	EPI_ISL_1278884
SRR14475855	EPI_ISL_1425070
SRR14475856	EPI_ISL_1278737
SRR14475857	EPI_ISL_1278736
SRR14475858	EPI_ISL_1425069
SRR14475859	EPI_ISL_1278816
SRR14475860	EPI_ISL_1278815
SRR14475861	EPI_ISL_1278915
SRR14475862	EPI_ISL_1278551
SRR14475863	EPI_ISL_1425024
SRR14475864	EPI_ISL_1278914
SRR14475865	EPI_ISL_1278814
SRR14475866	EPI_ISL_1278735
SRR14475867	EPI_ISL_1278544
SRR14475868	EPI_ISL_1435662
SRR14475869	EPI_ISL_1425068
SRR14475870	EPI_ISL_1278813
SRR14475871	EPI_ISL_1656502
SRR14475872	EPI_ISL_1278812
SRR14475873	EPI_ISL_1424885
SRR14475874	EPI_ISL_1278488
SRR14475875	EPI_ISL_1425067
SRR14475876	EPI_ISL_1425066
SRR14475877	EPI_ISL_1278811
SRR14475878	EPI_ISL_1278810
SRR14475879	EPI_ISL_1425065
SRR14475880	EPI_ISL_1425064
SRR14475881	EPI_ISL_1278942
SRR14475882	EPI_ISL_1278498
SRR14475883	EPI_ISL_1435660
SRR14475884	EPI_ISL_1656483
SRR14475885	EPI_ISL_1656511
SRR14475886	EPI_ISL_1425063
SRR14475887	EPI_ISL_1278450
SRR14475888	EPI_ISL_1278527
SRR14475889	EPI_ISL_1656515
SRR14475890	EPI_ISL_1656477
SRR14475891	EPI_ISL_1656503
SRR14473031	EPI_ISL_1629795
SRR14473032	EPI_ISL_1629787
SRR14473033	EPI_ISL_1629764
SRR14473034	EPI_ISL_1629795
SRR14473035	EPI_ISL_1629792
SRR14473036	EPI_ISL_1629792
SRR14473037	EPI_ISL_1629790
SRR14473038	EPI_ISL_1629790
SRR14473039	EPI_ISL_1629788
SRR14473040	EPI_ISL_1629807
SRR14473041	EPI_ISL_1629788
SRR14473042	EPI_ISL_1629807
SRR14473043	EPI_ISL_1629806
SRR14473044	EPI_ISL_1629806
SRR14473045	EPI_ISL_1629805
SRR14473046	EPI_ISL_1629805
SRR14473047	EPI_ISL_1629804
SRR14473048	EPI_ISL_1629804
SRR14473049	EPI_ISL_1629803
SRR14473050	EPI_ISL_1629803
SRR14473051	EPI_ISL_1629802
SRR14473052	EPI_ISL_1629787
SRR14473053	EPI_ISL_1629802
SRR14473054	EPI_ISL_1629801
SRR14473055	EPI_ISL_1629801
SRR14473056	EPI_ISL_1629800
SRR14473057	EPI_ISL_1629800
SRR14473058	EPI_ISL_1629799
SRR14473059	EPI_ISL_1629799
SRR14473060	EPI_ISL_1629796
SRR14473061	EPI_ISL_1629796
SRR14401829	EPI_ISL_1789673
SRR13528987	EPI_ISL_586323
SRR13529305	EPI_ISL_586322
SRR13529306	EPI_ISL_586321
SRR13529307	EPI_ISL_586320
SRR13529308	EPI_ISL_586319
SRR13529309	EPI_ISL_586318
SRR13529310	EPI_ISL_586317
SRR13529311	EPI_ISL_593490
SRR13529312	EPI_ISL_591183
SRR13529313	EPI_ISL_586316
SRR13529314	EPI_ISL_586315
SRR13529315	EPI_ISL_586314
SRR13529316	EPI_ISL_591182
SRR13529317	EPI_ISL_586313
SRR13529318	EPI_ISL_586312
SRR13529319	EPI_ISL_586311
SRR13529320	EPI_ISL_586310
SRR13529321	EPI_ISL_586309
SRR13529322	EPI_ISL_586277
SRR13529323	EPI_ISL_586268
SRR13529324	EPI_ISL_586267
SRR13529325	EPI_ISL_586308
SRR13529326	EPI_ISL_586307
SRR13529327	EPI_ISL_586306
SRR13529328	EPI_ISL_586305
SRR13529329	EPI_ISL_586304
SRR13529330	EPI_ISL_586303
SRR13529331	EPI_ISL_586302
SRR13529332	EPI_ISL_586301
SRR13529333	EPI_ISL_586300
SRR13529334	EPI_ISL_586299
SRR13529335	EPI_ISL_586276
SRR13529336	EPI_ISL_586298
SRR13529337	EPI_ISL_586297
SRR13529338	EPI_ISL_586296
SRR13529339	EPI_ISL_586295
SRR13529340	EPI_ISL_586294
SRR13529341	EPI_ISL_586293
SRR13529342	EPI_ISL_586292
SRR13529343	EPI_ISL_591269
SRR13529344	EPI_ISL_586291
SRR13529345	EPI_ISL_586290
SRR13529346	EPI_ISL_586275
SRR13529347	EPI_ISL_586289
SRR13529348	EPI_ISL_586288
SRR13529349	EPI_ISL_586287
SRR13529350	EPI_ISL_586286
SRR13529351	EPI_ISL_586285
SRR13529352	EPI_ISL_586284
SRR13529353	EPI_ISL_586283
SRR13529354	EPI_ISL_591180
SRR13529355	EPI_ISL_586282
SRR13529356	EPI_ISL_586281
SRR13529357	EPI_ISL_586274
SRR13529358	EPI_ISL_586280
SRR13529359	EPI_ISL_586279
SRR13529360	EPI_ISL_463970
SRR13529362	EPI_ISL_593489
SRR13529363	EPI_ISL_593551
SRR13529364	EPI_ISL_593550
SRR13529365	EPI_ISL_593549
SRR13529366	EPI_ISL_593548
SRR13529367	EPI_ISL_593547
SRR13529368	EPI_ISL_586273
SRR13529369	EPI_ISL_593546
SRR13529370	EPI_ISL_593545
SRR13529371	EPI_ISL_593544
SRR13529372	EPI_ISL_593543
SRR13529373	EPI_ISL_593487
SRR13529374	EPI_ISL_593541
SRR13529375	EPI_ISL_593540
SRR13529376	EPI_ISL_593539
SRR13529361	EPI_ISL_586278
SRR13529377	EPI_ISL_593538
SRR13529378	EPI_ISL_593537
SRR13529379	EPI_ISL_586272
SRR13529380	EPI_ISL_586508
SRR13529381	EPI_ISL_586507
SRR13529382	EPI_ISL_593536
SRR13529383	EPI_ISL_586506
SRR13529384	EPI_ISL_586505
SRR13529385	EPI_ISL_591181
SRR13529386	EPI_ISL_586504
SRR13529387	EPI_ISL_591268
SRR13529388	EPI_ISL_591267
SRR13529389	EPI_ISL_586503
SRR13529390	EPI_ISL_586502
SRR13529391	EPI_ISL_586501
SRR13529392	EPI_ISL_586500
SRR13529393	EPI_ISL_593534
SRR13529394	EPI_ISL_586499
SRR13529395	EPI_ISL_586498
SRR13529396	EPI_ISL_591266
SRR13529397	EPI_ISL_591265
SRR13529398	EPI_ISL_591264
SRR13529399	EPI_ISL_586497
SRR13529400	EPI_ISL_586496
SRR13529401	EPI_ISL_586495
SRR13529402	EPI_ISL_586494
SRR13529403	EPI_ISL_586493
SRR13529404	EPI_ISL_593486
SRR13529405	EPI_ISL_586492
SRR13529406	EPI_ISL_586491
SRR13529407	EPI_ISL_586490
SRR13529408	EPI_ISL_591263
SRR13529409	EPI_ISL_591262
SRR13529410	EPI_ISL_586489
SRR13529411	EPI_ISL_591261
SRR13529412	EPI_ISL_591260
SRR13529413	EPI_ISL_591179
SRR13529414	EPI_ISL_586488
SRR13529415	EPI_ISL_593533
SRR13529416	EPI_ISL_586487
SRR13529417	EPI_ISL_586486
SRR13529418	EPI_ISL_586485
SRR13529419	EPI_ISL_586484
SRR13529420	EPI_ISL_586483
SRR13529421	EPI_ISL_586482
SRR13529422	EPI_ISL_591259
SRR13529423	EPI_ISL_586481
SRR13529424	EPI_ISL_591258
SRR13529425	EPI_ISL_586480
SRR13529426	EPI_ISL_593532
SRR13529427	EPI_ISL_586479
SRR13529428	EPI_ISL_586478
SRR13529429	EPI_ISL_586477
SRR13529430	EPI_ISL_586476
SRR13529431	EPI_ISL_586475
SRR13529432	EPI_ISL_586474
SRR13529433	EPI_ISL_591257
SRR13529434	EPI_ISL_586473
SRR13529435	EPI_ISL_591178
SRR13529436	EPI_ISL_591177
SRR13529437	EPI_ISL_593531
SRR13529438	EPI_ISL_591256
SRR13529439	EPI_ISL_586472
SRR13529440	EPI_ISL_586471
SRR13529441	EPI_ISL_591255
SRR13529442	EPI_ISL_586470
SRR13529443	EPI_ISL_591254
SRR13529444	EPI_ISL_586469
SRR13529445	EPI_ISL_591253
SRR13529446	EPI_ISL_586468
SRR13529447	EPI_ISL_591176
SRR13529448	EPI_ISL_593529
SRR13529449	EPI_ISL_591175
SRR13529450	EPI_ISL_586467
SRR13529451	EPI_ISL_591174
SRR13529452	EPI_ISL_591252
SRR13529453	EPI_ISL_591173
SRR13529454	EPI_ISL_586466
SRR13529455	EPI_ISL_591251
SRR13529456	EPI_ISL_591250
SRR13529457	EPI_ISL_586465
SRR13529458	EPI_ISL_586464
SRR13529459	EPI_ISL_593528
SRR13529460	EPI_ISL_591249
SRR13529461	EPI_ISL_591248
SRR13529462	EPI_ISL_586463
SRR13529463	EPI_ISL_586462
SRR13529464	EPI_ISL_591172
SRR13529465	EPI_ISL_591171
SRR13529466	EPI_ISL_586461
SRR13529467	EPI_ISL_586460
SRR13529468	EPI_ISL_586459
SRR13529469	EPI_ISL_591170
SRR13529470	EPI_ISL_593527
SRR13529471	EPI_ISL_591247
SRR13529472	EPI_ISL_586458
SRR13529473	EPI_ISL_591246
SRR13529474	EPI_ISL_591245
SRR13529475	EPI_ISL_591169
SRR13529476	EPI_ISL_591244
SRR13529304	EPI_ISL_586457
SRR13529129	EPI_ISL_591243
SRR13529130	EPI_ISL_586456
SRR13529131	EPI_ISL_591242
SRR13529132	EPI_ISL_593526
SRR13529133	EPI_ISL_586271
SRR13529134	EPI_ISL_591241
SRR13529135	EPI_ISL_586455
SRR13529136	EPI_ISL_586454
SRR13529137	EPI_ISL_586453
SRR13529138	EPI_ISL_591168
SRR13529139	EPI_ISL_591240
SRR13529140	EPI_ISL_586452
SRR13529141	EPI_ISL_591239
SRR13529142	EPI_ISL_463994
SRR13529143	EPI_ISL_586451
SRR13529144	EPI_ISL_593525
SRR13529145	EPI_ISL_586450
SRR13529146	EPI_ISL_591167
SRR13529147	EPI_ISL_591166
SRR13529148	EPI_ISL_591165
SRR13529149	EPI_ISL_591238
SRR13529150	EPI_ISL_591164
SRR13529151	EPI_ISL_591237
SRR13529152	EPI_ISL_586449
SRR13529153	EPI_ISL_591236
SRR13529154	EPI_ISL_591235
SRR13529155	EPI_ISL_593524
SRR13529156	EPI_ISL_591234
SRR13529157	EPI_ISL_591163
SRR13529158	EPI_ISL_586448
SRR13529160	EPI_ISL_586447
SRR13529161	EPI_ISL_591233
SRR13529162	EPI_ISL_591232
SRR13529163	EPI_ISL_591161
SRR13529164	EPI_ISL_591231
SRR13529159	EPI_ISL_591162
SRR13529165	EPI_ISL_591230
SRR13529166	EPI_ISL_593523
SRR13529167	EPI_ISL_586446
SRR13529168	EPI_ISL_591229
SRR13529169	EPI_ISL_586445
SRR13529170	EPI_ISL_591228
SRR13529171	EPI_ISL_591227
SRR13529172	EPI_ISL_586444
SRR13529173	EPI_ISL_586443
SRR13529174	EPI_ISL_586442
SRR13529175	EPI_ISL_591226
SRR13529176	EPI_ISL_586441
SRR13529177	EPI_ISL_593519
SRR13529178	EPI_ISL_591225
SRR13529179	EPI_ISL_591224
SRR13529180	EPI_ISL_591223
SRR13529181	EPI_ISL_591222
SRR13529182	EPI_ISL_586440
SRR13529183	EPI_ISL_591221
SRR13529184	EPI_ISL_591220
SRR13529185	EPI_ISL_586439
SRR13529186	EPI_ISL_591219
SRR13529187	EPI_ISL_591160
SRR13529188	EPI_ISL_593518
SRR13529189	EPI_ISL_591218
SRR13529190	EPI_ISL_586438
SRR13529191	EPI_ISL_591217
SRR13529192	EPI_ISL_591159
SRR13529193	EPI_ISL_591216
SRR13529194	EPI_ISL_591215
SRR13529195	EPI_ISL_591214
SRR13529196	EPI_ISL_586437
SRR13529197	EPI_ISL_586436
SRR13529198	EPI_ISL_586435
SRR13529199	EPI_ISL_593517
SRR13529200	EPI_ISL_591213
SRR13529201	EPI_ISL_591212
SRR13529202	EPI_ISL_591158
SRR13529203	EPI_ISL_591211
SRR13529204	EPI_ISL_586434
SRR13529205	EPI_ISL_586433
SRR13529206	EPI_ISL_586432
SRR13529207	EPI_ISL_586431
SRR13529208	EPI_ISL_591210
SRR13529209	EPI_ISL_591157
SRR13529210	EPI_ISL_593515
SRR13529211	EPI_ISL_591156
SRR13529212	EPI_ISL_591155
SRR13529213	EPI_ISL_591154
SRR13529214	EPI_ISL_586430
SRR13529215	EPI_ISL_591153
SRR13529216	EPI_ISL_591152
SRR13529217	EPI_ISL_591151
SRR13529218	EPI_ISL_591150
SRR13529219	EPI_ISL_591149
SRR13529220	EPI_ISL_591148
SRR13529221	EPI_ISL_593514
SRR13529222	EPI_ISL_591147
SRR13529223	EPI_ISL_591146
SRR13529224	EPI_ISL_591145
SRR13529225	EPI_ISL_586429
SRR13529226	EPI_ISL_591144
SRR13529227	EPI_ISL_591143
SRR13529228	EPI_ISL_591142
SRR13529229	EPI_ISL_591141
SRR13529230	EPI_ISL_591209
SRR13529231	EPI_ISL_593513
SRR13529233	EPI_ISL_463993
SRR13529234	EPI_ISL_586427
SRR13529235	EPI_ISL_463992
SRR13529236	EPI_ISL_586426
SRR13529237	EPI_ISL_586425
SRR13529232	EPI_ISL_586428
SRR13529238	EPI_ISL_463991
SRR13529239	EPI_ISL_586424
SRR13529240	EPI_ISL_586422
SRR13529242	EPI_ISL_586421
SRR13529243	EPI_ISL_593512
SRR13529244	EPI_ISL_586270
SRR13529245	EPI_ISL_586420
SRR13529246	EPI_ISL_586419
SRR13529241	EPI_ISL_586423
SRR13529247	EPI_ISL_586418
SRR13529248	EPI_ISL_463990
SRR13529249	EPI_ISL_463989
SRR13529251	EPI_ISL_586416
SRR13529252	EPI_ISL_463988
SRR13529253	EPI_ISL_586415
SRR13529254	EPI_ISL_463987
SRR13529255	EPI_ISL_593511
SRR13529256	EPI_ISL_586414
SRR13529257	EPI_ISL_586413
SRR13529258	EPI_ISL_586412
SRR13529259	EPI_ISL_463986
SRR13529260	EPI_ISL_586411
SRR13529261	EPI_ISL_586410
SRR13529262	EPI_ISL_586409
SRR13529263	EPI_ISL_463985
SRR13529264	EPI_ISL_463984
SRR13529265	EPI_ISL_586408
SRR13529266	EPI_ISL_593509
SRR13529267	EPI_ISL_591140
SRR13529268	EPI_ISL_591139
SRR13529269	EPI_ISL_591138
SRR13529250	EPI_ISL_586417
SRR13529270	EPI_ISL_591137
SRR13529271	EPI_ISL_591136
SRR13529272	EPI_ISL_586407
SRR13529273	EPI_ISL_591135
SRR13529274	EPI_ISL_591134
SRR13529275	EPI_ISL_586406
SRR13529276	EPI_ISL_586405
SRR13529277	EPI_ISL_593508
SRR13529278	EPI_ISL_586404
SRR13529279	EPI_ISL_463983
SRR13529280	EPI_ISL_463982
SRR13529281	EPI_ISL_586403
SRR13529282	EPI_ISL_591133
SRR13529283	EPI_ISL_586402
SRR13529284	EPI_ISL_591132
SRR13529285	EPI_ISL_586401
SRR13529286	EPI_ISL_586400
SRR13529287	EPI_ISL_463981
SRR13529288	EPI_ISL_593483
SRR13529289	EPI_ISL_586399
SRR13529290	EPI_ISL_586398
SRR13529291	EPI_ISL_586397
SRR13529292	EPI_ISL_591131
SRR13529293	EPI_ISL_586396
SRR13529294	EPI_ISL_591130
SRR13529295	EPI_ISL_586395
SRR13529296	EPI_ISL_463980
SRR13529297	EPI_ISL_586394
SRR13529298	EPI_ISL_586393
SRR13529299	EPI_ISL_593507
SRR13529300	EPI_ISL_586392
SRR13529301	EPI_ISL_586391
SRR13529302	EPI_ISL_463979
SRR13529303	EPI_ISL_463978
SRR13528985	EPI_ISL_586390
SRR13528986	EPI_ISL_463977
SRR13528988	EPI_ISL_463976
SRR13528989	EPI_ISL_591128
SRR13528990	EPI_ISL_591127
SRR13528991	EPI_ISL_593506
SRR13528992	EPI_ISL_586389
SRR13528993	EPI_ISL_586388
SRR13528994	EPI_ISL_463975
SRR13528995	EPI_ISL_591208
SRR13528996	EPI_ISL_591126
SRR13528997	EPI_ISL_591125
SRR13528998	EPI_ISL_586387
SRR13528999	EPI_ISL_586386
SRR13529000	EPI_ISL_586385
SRR13529001	EPI_ISL_586384
SRR13529002	EPI_ISL_593504
SRR13529003	EPI_ISL_586383
SRR13529004	EPI_ISL_586382
SRR13529005	EPI_ISL_586381
SRR13529006	EPI_ISL_463974
SRR13529007	EPI_ISL_586380
SRR13529008	EPI_ISL_463973
SRR13529009	EPI_ISL_591124
SRR13529010	EPI_ISL_591123
SRR13529011	EPI_ISL_586379
SRR13529012	EPI_ISL_586378
SRR13529013	EPI_ISL_593502
SRR13529014	EPI_ISL_591122
SRR13529015	EPI_ISL_586377
SRR13529128	EPI_ISL_591129
SRR13529016	EPI_ISL_586376
SRR13529017	EPI_ISL_586375
SRR13529018	EPI_ISL_591121
SRR13529019	EPI_ISL_463972
SRR13529020	EPI_ISL_586374
SRR13529021	EPI_ISL_586373
SRR13529022	EPI_ISL_586372
SRR13529023	EPI_ISL_591120
SRR13529024	EPI_ISL_593501
SRR13529025	EPI_ISL_586371
SRR13529026	EPI_ISL_586370
SRR13529027	EPI_ISL_591119
SRR13529028	EPI_ISL_591118
SRR13529029	EPI_ISL_586369
SRR13529030	EPI_ISL_586368
SRR13529031	EPI_ISL_586367
SRR13529032	EPI_ISL_586366
SRR13529033	EPI_ISL_586365
SRR13529034	EPI_ISL_586364
SRR13529035	EPI_ISL_593499
SRR13529036	EPI_ISL_586269
SRR13529037	EPI_ISL_586363
SRR13529038	EPI_ISL_586362
SRR13529039	EPI_ISL_586361
SRR13529040	EPI_ISL_586360
SRR13529041	EPI_ISL_591117
SRR13529042	EPI_ISL_591116
SRR13529043	EPI_ISL_591115
SRR13529044	EPI_ISL_591114
SRR13529045	EPI_ISL_591113
SRR13529046	EPI_ISL_591112
SRR13529047	EPI_ISL_593498
SRR13529048	EPI_ISL_591111
SRR13529049	EPI_ISL_591110
SRR13529050	EPI_ISL_591109
SRR13529051	EPI_ISL_591108
SRR13529052	EPI_ISL_591107
SRR13529053	EPI_ISL_591106
SRR13529054	EPI_ISL_586359
SRR13529055	EPI_ISL_591105
SRR13529056	EPI_ISL_591104
SRR13529057	EPI_ISL_591103
SRR13529058	EPI_ISL_593497
SRR13529059	EPI_ISL_591207
SRR13529060	EPI_ISL_591102
SRR13529061	EPI_ISL_591206
SRR13529062	EPI_ISL_591205
SRR13529063	EPI_ISL_591204
SRR13529064	EPI_ISL_591203
SRR13529065	EPI_ISL_591202
SRR13529066	EPI_ISL_586358
SRR13529067	EPI_ISL_591201
SRR13529068	EPI_ISL_591200
SRR13529069	EPI_ISL_593496
SRR13529070	EPI_ISL_591199
SRR13529071	EPI_ISL_591198
SRR13529072	EPI_ISL_591197
SRR13529073	EPI_ISL_591196
SRR13529074	EPI_ISL_591195
SRR13529075	EPI_ISL_591194
SRR13529076	EPI_ISL_591101
SRR13529077	EPI_ISL_591100
SRR13529078	EPI_ISL_591193
SRR13529079	EPI_ISL_591192
SRR13529080	EPI_ISL_593495
SRR13529081	EPI_ISL_591191
SRR13529082	EPI_ISL_591190
SRR13529083	EPI_ISL_591189
SRR13529084	EPI_ISL_591188
SRR13529085	EPI_ISL_591187
SRR13529086	EPI_ISL_591186
SRR13529087	EPI_ISL_591185
SRR13529088	EPI_ISL_586357
SRR13529089	EPI_ISL_586356
SRR13529090	EPI_ISL_586355
SRR13529091	EPI_ISL_593494
SRR13529092	EPI_ISL_586354
SRR13529093	EPI_ISL_586353
SRR13529094	EPI_ISL_586352
SRR13529095	EPI_ISL_586351
SRR13529096	EPI_ISL_586350
SRR13529097	EPI_ISL_586349
SRR13529098	EPI_ISL_586348
SRR13529099	EPI_ISL_586347
SRR13529100	EPI_ISL_586346
SRR13529101	EPI_ISL_586345
SRR13529102	EPI_ISL_593493
SRR13529103	EPI_ISL_586344
SRR13529104	EPI_ISL_586343
SRR13529105	EPI_ISL_463971
SRR13529106	EPI_ISL_586342
SRR13529107	EPI_ISL_586341
SRR13529108	EPI_ISL_586340
SRR13529109	EPI_ISL_586339
SRR13529110	EPI_ISL_586338
SRR13529111	EPI_ISL_586337
SRR13529112	EPI_ISL_586336
SRR13529113	EPI_ISL_593492
SRR13529114	EPI_ISL_586335
SRR13529115	EPI_ISL_586334
SRR13529116	EPI_ISL_586333
SRR13529117	EPI_ISL_586332
SRR13529118	EPI_ISL_586331
SRR13529119	EPI_ISL_586330
SRR13529120	EPI_ISL_591184
SRR13529121	EPI_ISL_586329
SRR13529122	EPI_ISL_586328
SRR13529123	EPI_ISL_586327
SRR13529124	EPI_ISL_593491
SRR13529125	EPI_ISL_586326
SRR13529126	EPI_ISL_586325
SRR13529127	EPI_ISL_586324
SRR12380021	EPI_ISL_451422
SRR12380022	EPI_ISL_451421
SRR12380023	EPI_ISL_424947
SRR12380024	EPI_ISL_451420
SRR12380025	EPI_ISL_451419
SRR12380026	EPI_ISL_451418
SRR12380027	EPI_ISL_451417
SRR12380028	EPI_ISL_451416
SRR12380029	EPI_ISL_451415
SRR12380030	EPI_ISL_420586
SRR12380031	EPI_ISL_418192
SRR12380032	EPI_ISL_451414
SRR12380033	EPI_ISL_451413
SRR12380034	EPI_ISL_418199
SRR12380035	EPI_ISL_444670
SRR12380037	EPI_ISL_427495
SRR12380039	EPI_ISL_418205
SRR12380040	EPI_ISL_416830
SRR12380041	EPI_ISL_427494
SRR12380042	EPI_ISL_427493
SRR12380043	EPI_ISL_427492
SRR12380044	EPI_ISL_427491
SRR12380045	EPI_ISL_427490
SRR12380046	EPI_ISL_427489
SRR12380047	EPI_ISL_427488
SRR12380048	EPI_ISL_444655
SRR12380049	EPI_ISL_427487
SRR12380050	EPI_ISL_427486
SRR12380051	EPI_ISL_427525
SRR12380052	EPI_ISL_418204
SRR12380053	EPI_ISL_427485
SRR12380054	EPI_ISL_427484
SRR12380055	EPI_ISL_427483
SRR12380056	EPI_ISL_427482
SRR12380057	EPI_ISL_427481
SRR12380058	EPI_ISL_427480
SRR12380059	EPI_ISL_435519
SRR12380060	EPI_ISL_427479
SRR12380061	EPI_ISL_427478
SRR12380062	EPI_ISL_427477
SRR12380063	EPI_ISL_427476
SRR12380064	EPI_ISL_418203
SRR12380065	EPI_ISL_427475
SRR12380066	EPI_ISL_427474
SRR12380067	EPI_ISL_427473
SRR12380068	EPI_ISL_427524
SRR12380036	EPI_ISL_451412
SRR12380069	EPI_ISL_451411
SRR12380070	EPI_ISL_451410
SRR12380071	EPI_ISL_451409
SRR12380072	EPI_ISL_451408
SRR12380073	EPI_ISL_451407
SRR12380074	EPI_ISL_451406
SRR12380075	EPI_ISL_451405
SRR12380076	EPI_ISL_420585
SRR12380077	EPI_ISL_451404
SRR12380078	EPI_ISL_424946
SRR12380079	EPI_ISL_451403
SRR12380080	EPI_ISL_451401
SRR12380081	EPI_ISL_450402
SRR12380082	EPI_ISL_450401
SRR12380083	EPI_ISL_450400
SRR12380084	EPI_ISL_450398
SRR12380085	EPI_ISL_450397
SRR12380086	EPI_ISL_450396
SRR12380087	EPI_ISL_450395
SRR12380088	EPI_ISL_450394
SRR12380089	EPI_ISL_424945
SRR12380090	EPI_ISL_450393
SRR12380091	EPI_ISL_444792
SRR12380092	EPI_ISL_444791
SRR12380093	EPI_ISL_444790
SRR12380094	EPI_ISL_444789
SRR12380095	EPI_ISL_444788
SRR12380096	EPI_ISL_444787
SRR12380097	EPI_ISL_420582
SRR12380098	EPI_ISL_444786
SRR12380099	EPI_ISL_444785
SRR12380100	EPI_ISL_424944
SRR12380101	EPI_ISL_444784
SRR12380102	EPI_ISL_444783
SRR12380103	EPI_ISL_444782
SRR12380104	EPI_ISL_427472
SRR12380106	EPI_ISL_435488
SRR12380107	EPI_ISL_421718
SRR12380108	EPI_ISL_430401
SRR12380105	EPI_ISL_444781
SRR12380109	EPI_ISL_444779
SRR12380110	EPI_ISL_444778
SRR12380111	EPI_ISL_444777
SRR12380112	EPI_ISL_420581
SRR12380113	EPI_ISL_444776
SRR12380114	EPI_ISL_444775
SRR12380115	EPI_ISL_424943
SRR12380116	EPI_ISL_430403
SRR12380117	EPI_ISL_444774
SRR12380118	EPI_ISL_444773
SRR12380119	EPI_ISL_444772
SRR12380120	EPI_ISL_444771
SRR12380121	EPI_ISL_444770
SRR12380122	EPI_ISL_444769
SRR12380123	EPI_ISL_444768
SRR12380124	EPI_ISL_444767
SRR12380125	EPI_ISL_420580
SRR12380126	EPI_ISL_444766
SRR12380127	EPI_ISL_424942
SRR12380128	EPI_ISL_444765
SRR12380129	EPI_ISL_444764
SRR12380130	EPI_ISL_444763
SRR12380131	EPI_ISL_444762
SRR12380132	EPI_ISL_444761
SRR12380133	EPI_ISL_444760
SRR12380134	EPI_ISL_444759
SRR12380135	EPI_ISL_444758
SRR12380136	EPI_ISL_444757
SRR12380137	EPI_ISL_420579
SRR12380138	EPI_ISL_424941
SRR12380139	EPI_ISL_444756
SRR12380140	EPI_ISL_444754
SRR12380141	EPI_ISL_444753
SRR12380142	EPI_ISL_444752
SRR12380143	EPI_ISL_444751
SRR12380144	EPI_ISL_444750
SRR12380145	EPI_ISL_444749
SRR12380146	EPI_ISL_444748
SRR12380147	EPI_ISL_444747
SRR12380148	EPI_ISL_420578
SRR12380149	EPI_ISL_424940
SRR12380150	EPI_ISL_444746
SRR12380151	EPI_ISL_444745
SRR12380152	EPI_ISL_444743
SRR12380153	EPI_ISL_444741
SRR12380154	EPI_ISL_444740
SRR12380155	EPI_ISL_444739
SRR12380156	EPI_ISL_444738
SRR12380157	EPI_ISL_444737
SRR12380158	EPI_ISL_420577
SRR12380159	EPI_ISL_444736
SRR12380160	EPI_ISL_424939
SRR12380161	EPI_ISL_444735
SRR12380162	EPI_ISL_444734
SRR12380163	EPI_ISL_444733
SRR12380164	EPI_ISL_444732
SRR12380165	EPI_ISL_444731
SRR12380166	EPI_ISL_444730
SRR12380167	EPI_ISL_444729
SRR12380168	EPI_ISL_444728
SRR12380169	EPI_ISL_444727
SRR12380170	EPI_ISL_420576
SRR12380171	EPI_ISL_424938
SRR12380172	EPI_ISL_444726
SRR12380173	EPI_ISL_444725
SRR12380174	EPI_ISL_444724
SRR12380175	EPI_ISL_444723
SRR12380176	EPI_ISL_444722
SRR12380177	EPI_ISL_444721
SRR12380178	EPI_ISL_444720
SRR12380179	EPI_ISL_444719
SRR12380180	EPI_ISL_444718
SRR12380181	EPI_ISL_444717
SRR12380182	EPI_ISL_424937
SRR12380183	EPI_ISL_444716
SRR12380184	EPI_ISL_444715
SRR12380185	EPI_ISL_444714
SRR12380186	EPI_ISL_444713
SRR12380187	EPI_ISL_444712
SRR12380188	EPI_ISL_444711
SRR12380189	EPI_ISL_444710
SRR12380190	EPI_ISL_444709
SRR12380191	EPI_ISL_444708
SRR12380192	EPI_ISL_444707
SRR12380193	EPI_ISL_418198
SRR12380194	EPI_ISL_420574
SRR12380195	EPI_ISL_444706
SRR12380196	EPI_ISL_444705
SRR12380197	EPI_ISL_444704
SRR12380198	EPI_ISL_444703
SRR12380199	EPI_ISL_444702
SRR12380200	EPI_ISL_444701
SRR12380201	EPI_ISL_444700
SRR12380202	EPI_ISL_444699
SRR12380203	EPI_ISL_444698
SRR12380204	EPI_ISL_424936
SRR12380205	EPI_ISL_444697
SRR12380206	EPI_ISL_420573
SRR12380207	EPI_ISL_444696
SRR12380208	EPI_ISL_444695
SRR12380209	EPI_ISL_444694
SRR12380210	EPI_ISL_444693
SRR12380211	EPI_ISL_444692
SRR12380212	EPI_ISL_444691
SRR12380213	EPI_ISL_444690
SRR12380214	EPI_ISL_444689
SRR12380215	EPI_ISL_424935
SRR12380216	EPI_ISL_444688
SRR12380217	EPI_ISL_444687
SRR12380218	EPI_ISL_420572
SRR12380219	EPI_ISL_444686
SRR12380220	EPI_ISL_444685
SRR12380221	EPI_ISL_444684
SRR12380222	EPI_ISL_444683
SRR12380223	EPI_ISL_444682
SRR12380224	EPI_ISL_444681
SRR12380225	EPI_ISL_444680
SRR12380226	EPI_ISL_424934
SRR12380227	EPI_ISL_430394
SRR12380228	EPI_ISL_444679
SRR12380229	EPI_ISL_444678
SRR12380230	EPI_ISL_444677
SRR12380231	EPI_ISL_420571
SRR12380232	EPI_ISL_444676
SRR12380233	EPI_ISL_444675
SRR12380234	EPI_ISL_444674
SRR12380235	EPI_ISL_444673
SRR12380236	EPI_ISL_444672
SRR12380237	EPI_ISL_444671
SRR12380238	EPI_ISL_424933
SRR12380239	EPI_ISL_444669
SRR12380240	EPI_ISL_444668
SRR12380241	EPI_ISL_444667
SRR12380242	EPI_ISL_420570
SRR12380243	EPI_ISL_444666
SRR12380244	EPI_ISL_444665
SRR12380245	EPI_ISL_444664
SRR12380246	EPI_ISL_444663
SRR12380247	EPI_ISL_444662
SRR12380248	EPI_ISL_444661
SRR12380249	EPI_ISL_424932
SRR12380250	EPI_ISL_444660
SRR12380251	EPI_ISL_444659
SRR12380252	EPI_ISL_444658
SRR12380253	EPI_ISL_444657
SRR12380254	EPI_ISL_420309
SRR12380255	EPI_ISL_444656
SRR12380256	EPI_ISL_444654
SRR12380257	EPI_ISL_444653
SRR12380258	EPI_ISL_444652
SRR12380259	EPI_ISL_444651
SRR12380260	EPI_ISL_424931
SRR12380261	EPI_ISL_444650
SRR12380262	EPI_ISL_444649
SRR12380263	EPI_ISL_444648
SRR12380264	EPI_ISL_444647
SRR12380265	EPI_ISL_420308
SRR12380266	EPI_ISL_444646
SRR12380267	EPI_ISL_444645
SRR12380268	EPI_ISL_444644
SRR12380269	EPI_ISL_444643
SRR12380270	EPI_ISL_444642
SRR12380271	EPI_ISL_424930
SRR12380272	EPI_ISL_444641
SRR12380273	EPI_ISL_444640
SRR12380274	EPI_ISL_444639
SRR12380275	EPI_ISL_444638
SRR12380276	EPI_ISL_444637
SRR12380277	EPI_ISL_420307
SRR12380278	EPI_ISL_444636
SRR12380279	EPI_ISL_444635
SRR12380280	EPI_ISL_444634
SRR12380281	EPI_ISL_444633
SRR12380282	EPI_ISL_421733
SRR12380283	EPI_ISL_444632
SRR12380284	EPI_ISL_444631
SRR12380285	EPI_ISL_444630
SRR12380286	EPI_ISL_444629
SRR12380287	EPI_ISL_444628
SRR12380288	EPI_ISL_444627
SRR12380289	EPI_ISL_420302
SRR12380290	EPI_ISL_444626
SRR12380291	EPI_ISL_444625
SRR12380292	EPI_ISL_444624
SRR12380293	EPI_ISL_421732
SRR12380294	EPI_ISL_444623
SRR12380295	EPI_ISL_444622
SRR12380296	EPI_ISL_444621
SRR12380297	EPI_ISL_444620
SRR12380298	EPI_ISL_444619
SRR12380299	EPI_ISL_444618
SRR12380300	EPI_ISL_444617
SRR12380301	EPI_ISL_420301
SRR12380302	EPI_ISL_418190
SRR12380303	EPI_ISL_444616
SRR12380304	EPI_ISL_418197
SRR12380305	EPI_ISL_444615
SRR12380306	EPI_ISL_444614
SRR12380307	EPI_ISL_444613
SRR12380308	EPI_ISL_420300
SRR12380309	EPI_ISL_435549
SRR12380310	EPI_ISL_435548
SRR12380311	EPI_ISL_435547
SRR12380312	EPI_ISL_435546
SRR12380313	EPI_ISL_435545
SRR12380314	EPI_ISL_420299
SRR12380315	EPI_ISL_421731
SRR12380316	EPI_ISL_435544
SRR12380317	EPI_ISL_435543
SRR12380318	EPI_ISL_435542
SRR12380319	EPI_ISL_435541
SRR12380320	EPI_ISL_435540
SRR12380321	EPI_ISL_435539
SRR12380322	EPI_ISL_435538
SRR12380323	EPI_ISL_435537
SRR12380324	EPI_ISL_435536
SRR12380325	EPI_ISL_435535
SRR12380326	EPI_ISL_421730
SRR12380327	EPI_ISL_420298
SRR12380328	EPI_ISL_435534
SRR12380329	EPI_ISL_435533
SRR12380330	EPI_ISL_435532
SRR12380331	EPI_ISL_435531
SRR12380332	EPI_ISL_435530
SRR12380333	EPI_ISL_435529
SRR12380334	EPI_ISL_435722
SRR12380335	EPI_ISL_435528
SRR12380336	EPI_ISL_435527
SRR12380337	EPI_ISL_421729
SRR12380338	EPI_ISL_430371
SRR12380339	EPI_ISL_435526
SRR12380340	EPI_ISL_420297
SRR12380341	EPI_ISL_435525
SRR12380342	EPI_ISL_435524
SRR12380343	EPI_ISL_435523
SRR12380344	EPI_ISL_435522
SRR12380345	EPI_ISL_435521
SRR12380346	EPI_ISL_435721
SRR12380347	EPI_ISL_435520
SRR12380348	EPI_ISL_435518
SRR12380349	EPI_ISL_421728
SRR12380350	EPI_ISL_435517
SRR12380351	EPI_ISL_420296
SRR12380352	EPI_ISL_435516
SRR12380353	EPI_ISL_435515
SRR12380354	EPI_ISL_435514
SRR12380355	EPI_ISL_435513
SRR12380356	EPI_ISL_435512
SRR12380357	EPI_ISL_435511
SRR12380358	EPI_ISL_435510
SRR12380359	EPI_ISL_435509
SRR12379683	EPI_ISL_458019
SRR12379684	EPI_ISL_421589
SRR12379685	EPI_ISL_458018
SRR12379686	EPI_ISL_458017
SRR12379652	EPI_ISL_430374
SRR12379688	EPI_ISL_430373
SRR12379689	EPI_ISL_430372
SRR12379690	EPI_ISL_421716
SRR12379691	EPI_ISL_430370
SRR12379692	EPI_ISL_430369
SRR12379693	EPI_ISL_430368
SRR12379694	EPI_ISL_430367
SRR12379695	EPI_ISL_418980
SRR12379696	EPI_ISL_430366
SRR12379697	EPI_ISL_430365
SRR12379698	EPI_ISL_430364
SRR12379699	EPI_ISL_430363
SRR12379700	EPI_ISL_430362
SRR12379701	EPI_ISL_421715
SRR12379702	EPI_ISL_430361
SRR12379703	EPI_ISL_430360
SRR12379704	EPI_ISL_430359
SRR12379705	EPI_ISL_430358
SRR12379706	EPI_ISL_430357
SRR12379707	EPI_ISL_430355
SRR12379708	EPI_ISL_430354
SRR12379709	EPI_ISL_430353
SRR12379710	EPI_ISL_430352
SRR12379711	EPI_ISL_430351
SRR12379712	EPI_ISL_421714
SRR12379713	EPI_ISL_430350
SRR12379714	EPI_ISL_430349
SRR12379715	EPI_ISL_430348
SRR12379716	EPI_ISL_430347
SRR12379717	EPI_ISL_430346
SRR12379718	EPI_ISL_430345
SRR12379719	EPI_ISL_430344
SRR12379720	EPI_ISL_430343
SRR12379721	EPI_ISL_430342
SRR12379722	EPI_ISL_430341
SRR12379687	EPI_ISL_421588
SRR12379724	EPI_ISL_424962
SRR12379725	EPI_ISL_430428
SRR12379726	EPI_ISL_421587
SRR12379727	EPI_ISL_421586
SRR12379728	EPI_ISL_456115
SRR12379729	EPI_ISL_456114
SRR12379730	EPI_ISL_456112
SRR12379731	EPI_ISL_456111
SRR12379732	EPI_ISL_460603
SRR12379733	EPI_ISL_456110
SRR12379734	EPI_ISL_456109
SRR12379735	EPI_ISL_456108
SRR12379736	EPI_ISL_424961
SRR12379737	EPI_ISL_456107
SRR12379738	EPI_ISL_456070
SRR12379739	EPI_ISL_456069
SRR12379740	EPI_ISL_456067
SRR12379741	EPI_ISL_456065
SRR12379742	EPI_ISL_456064
SRR12379743	EPI_ISL_456063
SRR12379744	EPI_ISL_456062
SRR12379745	EPI_ISL_456061
SRR12379746	EPI_ISL_456060
SRR12379747	EPI_ISL_424960
SRR12379748	EPI_ISL_456059
SRR12379749	EPI_ISL_456058
SRR12379750	EPI_ISL_456057
SRR12379751	EPI_ISL_456056
SRR12379752	EPI_ISL_421583
SRR12379753	EPI_ISL_456055
SRR12379754	EPI_ISL_456054
SRR12379755	EPI_ISL_456053
SRR12379756	EPI_ISL_456052
SRR12379757	EPI_ISL_456050
SRR12379758	EPI_ISL_424959
SRR12379723	EPI_ISL_421713
SRR12379760	EPI_ISL_430340
SRR12379761	EPI_ISL_430339
SRR12379762	EPI_ISL_430338
SRR12379763	EPI_ISL_430337
SRR12379764	EPI_ISL_418977
SRR12379765	EPI_ISL_430336
SRR12379766	EPI_ISL_430335
SRR12379767	EPI_ISL_430334
SRR12379768	EPI_ISL_430333
SRR12379769	EPI_ISL_430332
SRR12379770	EPI_ISL_421712
SRR12379771	EPI_ISL_430331
SRR12379772	EPI_ISL_430330
SRR12379773	EPI_ISL_430329
SRR12379774	EPI_ISL_430328
SRR12379775	EPI_ISL_430327
SRR12379776	EPI_ISL_418976
SRR12379777	EPI_ISL_416831
SRR12379778	EPI_ISL_430326
SRR12379779	EPI_ISL_430325
SRR12379780	EPI_ISL_430324
SRR12379781	EPI_ISL_456113
SRR12379782	EPI_ISL_430323
SRR12379783	EPI_ISL_430322
SRR12379784	EPI_ISL_430321
SRR12379785	EPI_ISL_430320
SRR12379786	EPI_ISL_430319
SRR12379787	EPI_ISL_428805
SRR12379788	EPI_ISL_418975
SRR12379789	EPI_ISL_428803
SRR12379790	EPI_ISL_428802
SRR12379791	EPI_ISL_428801
SRR12379792	EPI_ISL_421585
SRR12379793	EPI_ISL_428800
SRR12379759	EPI_ISL_456049
SRR12379794	EPI_ISL_456048
SRR12379795	EPI_ISL_456047
SRR12379796	EPI_ISL_456046
SRR12379797	EPI_ISL_421582
SRR12379798	EPI_ISL_456045
SRR12379799	EPI_ISL_456044
SRR12379800	EPI_ISL_456043
SRR12379801	EPI_ISL_456042
SRR12379802	EPI_ISL_456041
SRR12379803	EPI_ISL_424958
SRR12379804	EPI_ISL_456040
SRR12379805	EPI_ISL_456039
SRR12379806	EPI_ISL_456038
SRR12379807	EPI_ISL_456037
SRR12379808	EPI_ISL_456036
SRR12379809	EPI_ISL_421581
SRR12379810	EPI_ISL_418193
SRR12379811	EPI_ISL_456035
SRR12379812	EPI_ISL_456034
SRR12379813	EPI_ISL_456033
SRR12379814	EPI_ISL_424957
SRR12379815	EPI_ISL_456032
SRR12379816	EPI_ISL_456031
SRR12379817	EPI_ISL_456030
SRR12379818	EPI_ISL_456029
SRR12379819	EPI_ISL_456028
SRR12379820	EPI_ISL_456066
SRR12379821	EPI_ISL_456027
SRR12379822	EPI_ISL_421580
SRR12379823	EPI_ISL_456026
SRR12379824	EPI_ISL_456025
SRR12379825	EPI_ISL_424956
SRR12379826	EPI_ISL_456024
SRR12379827	EPI_ISL_456023
SRR12379828	EPI_ISL_456022
SRR12379829	EPI_ISL_428799
SRR12379831	EPI_ISL_428798
SRR12379832	EPI_ISL_428797
SRR12379833	EPI_ISL_428796
SRR12379834	EPI_ISL_428795
SRR12379835	EPI_ISL_428794
SRR12379836	EPI_ISL_418974
SRR12379837	EPI_ISL_428793
SRR12379838	EPI_ISL_428792
SRR12379839	EPI_ISL_456068
SRR12379840	EPI_ISL_428791
SRR12379841	EPI_ISL_428790
SRR12379842	EPI_ISL_428789
SRR12379843	EPI_ISL_428788
SRR12379844	EPI_ISL_428787
SRR12379845	EPI_ISL_428786
SRR12379846	EPI_ISL_428785
SRR12379847	EPI_ISL_428784
SRR12379848	EPI_ISL_418973
SRR12379849	EPI_ISL_428783
SRR12379850	EPI_ISL_421584
SRR12379851	EPI_ISL_421723
SRR12379852	EPI_ISL_428781
SRR12379853	EPI_ISL_428780
SRR12379854	EPI_ISL_428779
SRR12379855	EPI_ISL_428778
SRR12379856	EPI_ISL_428777
SRR12379857	EPI_ISL_428776
SRR12379858	EPI_ISL_428775
SRR12379859	EPI_ISL_428774
SRR12379860	EPI_ISL_418972
SRR12379861	EPI_ISL_428773
SRR12379830	EPI_ISL_456021
SRR12379862	EPI_ISL_456020
SRR12379863	EPI_ISL_456019
SRR12379864	EPI_ISL_456018
SRR12379865	EPI_ISL_456017
SRR12379866	EPI_ISL_421579
SRR12379867	EPI_ISL_456016
SRR12379868	EPI_ISL_424955
SRR12379869	EPI_ISL_456015
SRR12379870	EPI_ISL_456014
SRR12379871	EPI_ISL_456013
SRR12379872	EPI_ISL_456012
SRR12379873	EPI_ISL_456011
SRR12379874	EPI_ISL_456010
SRR12379875	EPI_ISL_456009
SRR12379876	EPI_ISL_456008
SRR12379877	EPI_ISL_456007
SRR12379878	EPI_ISL_421578
SRR12379879	EPI_ISL_424954
SRR12379880	EPI_ISL_456006
SRR12379881	EPI_ISL_456005
SRR12379882	EPI_ISL_456004
SRR12379883	EPI_ISL_456003
SRR12379884	EPI_ISL_451479
SRR12379885	EPI_ISL_451478
SRR12379886	EPI_ISL_451477
SRR12379887	EPI_ISL_451476
SRR12379888	EPI_ISL_451475
SRR12379889	EPI_ISL_451474
SRR12379890	EPI_ISL_424953
SRR12379891	EPI_ISL_421577
SRR12379892	EPI_ISL_451473
SRR12379893	EPI_ISL_451472
SRR12379894	EPI_ISL_451471
SRR12379895	EPI_ISL_451470
SRR12379896	EPI_ISL_451469
SRR12379897	EPI_ISL_456051
SRR12379899	EPI_ISL_428772
SRR12379900	EPI_ISL_428771
SRR12379901	EPI_ISL_428770
SRR12379902	EPI_ISL_428769
SRR12379903	EPI_ISL_428768
SRR12379904	EPI_ISL_428767
SRR12379905	EPI_ISL_428766
SRR12379906	EPI_ISL_428765
SRR12379907	EPI_ISL_428764
SRR12379908	EPI_ISL_418971
SRR12379909	EPI_ISL_450399
SRR12379910	EPI_ISL_428763
SRR12379911	EPI_ISL_428762
SRR12379912	EPI_ISL_428761
SRR12379913	EPI_ISL_428760
SRR12379914	EPI_ISL_428759
SRR12379915	EPI_ISL_428758
SRR12379916	EPI_ISL_428757
SRR12379917	EPI_ISL_427641
SRR12379918	EPI_ISL_427640
SRR12379919	EPI_ISL_427639
SRR12379920	EPI_ISL_444780
SRR12379921	EPI_ISL_427638
SRR12379922	EPI_ISL_427637
SRR12379923	EPI_ISL_427636
SRR12379924	EPI_ISL_427635
SRR12379925	EPI_ISL_427634
SRR12379926	EPI_ISL_427642
SRR12379927	EPI_ISL_427633
SRR12379928	EPI_ISL_427632
SRR12379929	EPI_ISL_427631
SRR12379930	EPI_ISL_427630
SRR12379898	EPI_ISL_451468
SRR12379932	EPI_ISL_451467
SRR12379933	EPI_ISL_451466
SRR12379934	EPI_ISL_451665
SRR12379935	EPI_ISL_424952
SRR12379936	EPI_ISL_430405
SRR12379937	EPI_ISL_451465
SRR12379938	EPI_ISL_420591
SRR12379939	EPI_ISL_451464
SRR12379940	EPI_ISL_451463
SRR12379941	EPI_ISL_451462
SRR12379942	EPI_ISL_451461
SRR12379943	EPI_ISL_451460
SRR12379944	EPI_ISL_451459
SRR12379945	EPI_ISL_451458
SRR12379946	EPI_ISL_451457
SRR12379947	EPI_ISL_424951
SRR12379948	EPI_ISL_451456
SRR12379949	EPI_ISL_451455
SRR12379950	EPI_ISL_420590
SRR12379951	EPI_ISL_451454
SRR12379952	EPI_ISL_451453
SRR12379953	EPI_ISL_451452
SRR12379954	EPI_ISL_451451
SRR12379955	EPI_ISL_451450
SRR12379956	EPI_ISL_451449
SRR12379957	EPI_ISL_451448
SRR12379958	EPI_ISL_424950
SRR12379959	EPI_ISL_451447
SRR12379960	EPI_ISL_451446
SRR12379961	EPI_ISL_451445
SRR12379962	EPI_ISL_420589
SRR12379963	EPI_ISL_451444
SRR12379964	EPI_ISL_451443
SRR12379965	EPI_ISL_451442
SRR12379966	EPI_ISL_451441
SRR12379931	EPI_ISL_444755
SRR12379968	EPI_ISL_427629
SRR12379969	EPI_ISL_427628
SRR12379970	EPI_ISL_427627
SRR12379971	EPI_ISL_427521
SRR12379972	EPI_ISL_427520
SRR12379973	EPI_ISL_427519
SRR12379974	EPI_ISL_427518
SRR12379975	EPI_ISL_427517
SRR12379976	EPI_ISL_427516
SRR12379977	EPI_ISL_427515
SRR12379978	EPI_ISL_444744
SRR12379979	EPI_ISL_418968
SRR12379980	EPI_ISL_427514
SRR12379981	EPI_ISL_427513
SRR12379982	EPI_ISL_427512
SRR12379983	EPI_ISL_427511
SRR12379984	EPI_ISL_427510
SRR12379985	EPI_ISL_427509
SRR12379986	EPI_ISL_427508
SRR12379987	EPI_ISL_427507
SRR12379988	EPI_ISL_427506
SRR12379989	EPI_ISL_444742
SRR12379990	EPI_ISL_427505
SRR12379991	EPI_ISL_427504
SRR12379992	EPI_ISL_427503
SRR12379993	EPI_ISL_427502
SRR12379994	EPI_ISL_427501
SRR12379995	EPI_ISL_427500
SRR12379996	EPI_ISL_427499
SRR12379997	EPI_ISL_427498
SRR12379998	EPI_ISL_427497
SRR12379999	EPI_ISL_427496
SRR12379967	EPI_ISL_451440
SRR12380000	EPI_ISL_451439
SRR12380001	EPI_ISL_424949
SRR12380002	EPI_ISL_451438
SRR12380003	EPI_ISL_451437
SRR12380004	EPI_ISL_451436
SRR12380005	EPI_ISL_451435
SRR12380006	EPI_ISL_420588
SRR12380007	EPI_ISL_451434
SRR12380008	EPI_ISL_451433
SRR12380009	EPI_ISL_451432
SRR12380010	EPI_ISL_451431
SRR12380011	EPI_ISL_451430
SRR12380012	EPI_ISL_424948
SRR12380013	EPI_ISL_451429
SRR12380014	EPI_ISL_451428
SRR12380015	EPI_ISL_451427
SRR12380016	EPI_ISL_451426
SRR12380017	EPI_ISL_451425
SRR12380018	EPI_ISL_420587
SRR12380019	EPI_ISL_451424
SRR12380020	EPI_ISL_451423
SRR12380038	EPI_ISL_421727
SRR12379496	EPI_ISL_435508
SRR12379497	EPI_ISL_435507
SRR12379498	EPI_ISL_419705
SRR12379499	EPI_ISL_435506
SRR12379500	EPI_ISL_435505
SRR12379501	EPI_ISL_435504
SRR12379502	EPI_ISL_435503
SRR12379503	EPI_ISL_435502
SRR12379504	EPI_ISL_435501
SRR12379505	EPI_ISL_435500
SRR12379506	EPI_ISL_421726
SRR12379507	EPI_ISL_435499
SRR12379508	EPI_ISL_435498
SRR12379509	EPI_ISL_435497
SRR12379510	EPI_ISL_419704
SRR12379511	EPI_ISL_435496
SRR12379512	EPI_ISL_435495
SRR12379513	EPI_ISL_435494
SRR12379514	EPI_ISL_435493
SRR12379515	EPI_ISL_435492
SRR12379516	EPI_ISL_435491
SRR12379517	EPI_ISL_421725
SRR12379518	EPI_ISL_435490
SRR12379519	EPI_ISL_435489
SRR12379520	EPI_ISL_435487
SRR12379521	EPI_ISL_419703
SRR12379522	EPI_ISL_435486
SRR12379523	EPI_ISL_435485
SRR12379524	EPI_ISL_435484
SRR12379525	EPI_ISL_435482
SRR12379526	EPI_ISL_435481
SRR12379527	EPI_ISL_435480
SRR12379528	EPI_ISL_421724
SRR12379529	EPI_ISL_435479
SRR12379530	EPI_ISL_435478
SRR12379531	EPI_ISL_427471
SRR12379533	EPI_ISL_427470
SRR12379534	EPI_ISL_427469
SRR12379535	EPI_ISL_426626
SRR12379536	EPI_ISL_426625
SRR12379537	EPI_ISL_426624
SRR12379538	EPI_ISL_426623
SRR12379539	EPI_ISL_426622
SRR12379540	EPI_ISL_426621
SRR12379541	EPI_ISL_426620
SRR12379542	EPI_ISL_435483
SRR12379543	EPI_ISL_426619
SRR12379544	EPI_ISL_426618
SRR12379545	EPI_ISL_426617
SRR12379546	EPI_ISL_421711
SRR12379532	EPI_ISL_435477
SRR12379547	EPI_ISL_419702
SRR12379548	EPI_ISL_435476
SRR12379549	EPI_ISL_435475
SRR12379550	EPI_ISL_430434
SRR12379551	EPI_ISL_430433
SRR12379552	EPI_ISL_430432
SRR12379553	EPI_ISL_430431
SRR12379554	EPI_ISL_421722
SRR12379555	EPI_ISL_430430
SRR12379556	EPI_ISL_430429
SRR12379557	EPI_ISL_430427
SRR12379558	EPI_ISL_416832
SRR12379559	EPI_ISL_430426
SRR12379560	EPI_ISL_430425
SRR12379561	EPI_ISL_430424
SRR12379562	EPI_ISL_430423
SRR12379563	EPI_ISL_430422
SRR12379564	EPI_ISL_430421
SRR12379565	EPI_ISL_418196
SRR12379566	EPI_ISL_430420
SRR12379567	EPI_ISL_430419
SRR12379568	EPI_ISL_430418
SRR12379569	EPI_ISL_430417
SRR12379570	EPI_ISL_419700
SRR12379571	EPI_ISL_430416
SRR12379572	EPI_ISL_430415
SRR12379573	EPI_ISL_430414
SRR12379574	EPI_ISL_430413
SRR12379575	EPI_ISL_430412
SRR12379576	EPI_ISL_421721
SRR12379577	EPI_ISL_430411
SRR12379578	EPI_ISL_430410
SRR12379579	EPI_ISL_430409
SRR12379580	EPI_ISL_430408
SRR12379581	EPI_ISL_430407
SRR12379582	EPI_ISL_421710
SRR12379584	EPI_ISL_421709
SRR12379585	EPI_ISL_421708
SRR12379586	EPI_ISL_424968
SRR12379587	EPI_ISL_421707
SRR12379588	EPI_ISL_421706
SRR12379589	EPI_ISL_467422
SRR12379590	EPI_ISL_467421
SRR12379591	EPI_ISL_467420
SRR12379592	EPI_ISL_467419
SRR12379593	EPI_ISL_467418
SRR12379594	EPI_ISL_467417
SRR12379595	EPI_ISL_467416
SRR12379596	EPI_ISL_467415
SRR12379597	EPI_ISL_424967
SRR12379598	EPI_ISL_467414
SRR12379599	EPI_ISL_467413
SRR12379600	EPI_ISL_421704
SRR12379601	EPI_ISL_467412
SRR12379602	EPI_ISL_467411
SRR12379603	EPI_ISL_467410
SRR12379604	EPI_ISL_467409
SRR12379605	EPI_ISL_467408
SRR12379606	EPI_ISL_467407
SRR12379607	EPI_ISL_467406
SRR12379608	EPI_ISL_424966
SRR12379609	EPI_ISL_467405
SRR12379610	EPI_ISL_467404
SRR12379611	EPI_ISL_467403
SRR12379612	EPI_ISL_421592
SRR12379613	EPI_ISL_467402
SRR12379614	EPI_ISL_467401
SRR12379615	EPI_ISL_467400
SRR12379583	EPI_ISL_419699
SRR12379616	EPI_ISL_430406
SRR12379617	EPI_ISL_430404
SRR12379618	EPI_ISL_430402
SRR12379619	EPI_ISL_430400
SRR12379620	EPI_ISL_421720
SRR12379621	EPI_ISL_430399
SRR12379622	EPI_ISL_430398
SRR12379623	EPI_ISL_430397
SRR12379624	EPI_ISL_419698
SRR12379625	EPI_ISL_430396
SRR12379626	EPI_ISL_430395
SRR12379627	EPI_ISL_430393
SRR12379628	EPI_ISL_430392
SRR12379629	EPI_ISL_430391
SRR12379630	EPI_ISL_430390
SRR12379631	EPI_ISL_421719
SRR12379632	EPI_ISL_430356
SRR12379633	EPI_ISL_430389
SRR12379634	EPI_ISL_430388
SRR12379635	EPI_ISL_430387
SRR12379636	EPI_ISL_419697
SRR12379637	EPI_ISL_430386
SRR12379638	EPI_ISL_430385
SRR12379639	EPI_ISL_430384
SRR12379640	EPI_ISL_430383
SRR12379641	EPI_ISL_430382
SRR12379642	EPI_ISL_430381
SRR12379643	EPI_ISL_421717
SRR12379644	EPI_ISL_430380
SRR12379645	EPI_ISL_430379
SRR12379646	EPI_ISL_430378
SRR12379647	EPI_ISL_430377
SRR12379648	EPI_ISL_419696
SRR12379649	EPI_ISL_430376
SRR12379650	EPI_ISL_430375
SRR12379651	EPI_ISL_467399
SRR12379653	EPI_ISL_467398
SRR12379654	EPI_ISL_467397
SRR12379655	EPI_ISL_424965
SRR12379656	EPI_ISL_467396
SRR12379657	EPI_ISL_467395
SRR12379658	EPI_ISL_467394
SRR12379659	EPI_ISL_467393
SRR12379660	EPI_ISL_421591
SRR12379661	EPI_ISL_467392
SRR12379662	EPI_ISL_467391
SRR12379663	EPI_ISL_467390
SRR12379664	EPI_ISL_467389
SRR12379665	EPI_ISL_467388
SRR12379666	EPI_ISL_424964
SRR12379667	EPI_ISL_467387
SRR12379668	EPI_ISL_467386
SRR12379669	EPI_ISL_467385
SRR12379670	EPI_ISL_467384
SRR12379671	EPI_ISL_467383
SRR12379672	EPI_ISL_421590
SRR12379673	EPI_ISL_467382
SRR12379674	EPI_ISL_467381
SRR12379675	EPI_ISL_467380
SRR12379676	EPI_ISL_467379
SRR12379677	EPI_ISL_424963
SRR12379678	EPI_ISL_467378
SRR12379679	EPI_ISL_467377
SRR12379680	EPI_ISL_458022
SRR12379681	EPI_ISL_458021
SRR12379682	EPI_ISL_458020
SRR12159823	EPI_ISL_466648
SRR12159824	EPI_ISL_467946
SRR12159825	EPI_ISL_467947
SRR12159826	EPI_ISL_467948
SRR12159827	EPI_ISL_467949
SRR15296628	EPI_ISL_3127137
SRR15296630	EPI_ISL_3127138
SRR15296631	EPI_ISL_3127139
SRR15296632	EPI_ISL_3127140
SRR15296633	EPI_ISL_3127141
SRR15296634	EPI_ISL_3127142
SRR15296635	EPI_ISL_3127143
SRR15296636	EPI_ISL_3127144
SRR15296637	EPI_ISL_3127145
SRR15296638	EPI_ISL_3127146
SRR15296639	EPI_ISL_3127147
SRR15296640	EPI_ISL_3127149
SRR15296642	EPI_ISL_3127151
SRR15296643	EPI_ISL_3127152
SRR15296644	EPI_ISL_3127153
SRR15296646	EPI_ISL_3127155
SRR15296658	EPI_ISL_3127166
SRR15296663	EPI_ISL_3127170
SRR15296668	EPI_ISL_3127175
SRR15296669	EPI_ISL_3127176
SRR15296672	EPI_ISL_3127178
SRR15296673	EPI_ISL_3127179
SRR15296674	EPI_ISL_3127180
SRR15296676	EPI_ISL_3127182
SRR15296677	EPI_ISL_3127183
SRR15296678	EPI_ISL_3127184
SRR15296679	EPI_ISL_3127185
SRR15296680	EPI_ISL_3127186
SRR15296681	EPI_ISL_3127187
SRR15296682	EPI_ISL_3127125
SRR15296687	EPI_ISL_3127192
SRR15296702	EPI_ISL_3127134
SRR15296706	EPI_ISL_3127130
SRR15295112	EPI_ISL_3098714
SRR15283263	EPI_ISL_3025059
SRR15283264	EPI_ISL_3025058
SRR15283265	EPI_ISL_3025057
SRR15283266	EPI_ISL_3025056
SRR15283268	EPI_ISL_3025054
SRR15283269	EPI_ISL_3025053
SRR15283270	EPI_ISL_3024945
SRR15283271	EPI_ISL_3025052
SRR15283272	EPI_ISL_3025051
SRR15283273	EPI_ISL_3025050
SRR15283274	EPI_ISL_3025049
SRR15283275	EPI_ISL_3025048
SRR15283276	EPI_ISL_3025047
SRR15283277	EPI_ISL_3025046
SRR15283278	EPI_ISL_3025045
SRR15283279	EPI_ISL_3025044
SRR15283280	EPI_ISL_3025043
SRR15283281	EPI_ISL_3024944
SRR15283282	EPI_ISL_3025042
SRR15283283	EPI_ISL_3025041
SRR15283284	EPI_ISL_3025040
SRR15283285	EPI_ISL_3025039
SRR15283287	EPI_ISL_3025037
SRR15283288	EPI_ISL_3025036
SRR15283289	EPI_ISL_3025035
SRR15283290	EPI_ISL_3025034
SRR15283291	EPI_ISL_3025033
SRR15283292	EPI_ISL_3024943
SRR15283293	EPI_ISL_3024934
SRR15283294	EPI_ISL_3024933
SRR15283475	EPI_ISL_3024992
SRR15283295	EPI_ISL_3024991
SRR15283296	EPI_ISL_3024990
SRR15283297	EPI_ISL_3024989
SRR15283298	EPI_ISL_3024988
SRR15283299	EPI_ISL_3024987
SRR15283301	EPI_ISL_3024986
SRR15283303	EPI_ISL_3024985
SRR15283305	EPI_ISL_3024984
SRR15283308	EPI_ISL_3024983
SRR15283310	EPI_ISL_3024938
SRR15283312	EPI_ISL_3024982
SRR15283314	EPI_ISL_3024981
SRR15283316	EPI_ISL_3024980
SRR15283318	EPI_ISL_3024979
SRR15283320	EPI_ISL_3024978
SRR15283322	EPI_ISL_3024977
SRR15283323	EPI_ISL_3024976
SRR15283324	EPI_ISL_3024975
SRR15283325	EPI_ISL_3024974
SRR15283326	EPI_ISL_3024973
SRR15283327	EPI_ISL_3024937
SRR15283328	EPI_ISL_3024972
SRR15283329	EPI_ISL_3024971
SRR15283330	EPI_ISL_3024970
SRR15283331	EPI_ISL_3024969
SRR15283332	EPI_ISL_3024968
SRR15283333	EPI_ISL_3024967
SRR15283334	EPI_ISL_3024966
SRR15283335	EPI_ISL_3024965
SRR15283336	EPI_ISL_3024964
SRR15283337	EPI_ISL_3024963
SRR15283338	EPI_ISL_3024936
SRR15283339	EPI_ISL_3024962
SRR15283340	EPI_ISL_3024961
SRR15283341	EPI_ISL_3024960
SRR15283342	EPI_ISL_3024959
SRR15283343	EPI_ISL_3024958
SRR15283344	EPI_ISL_3024957
SRR15283345	EPI_ISL_3024956
SRR15283346	EPI_ISL_3024955
SRR15283347	EPI_ISL_3025289
SRR15283348	EPI_ISL_3025288
SRR15283349	EPI_ISL_3025287
SRR15283350	EPI_ISL_3025286
SRR15283351	EPI_ISL_3025285
SRR15283352	EPI_ISL_3025284
SRR15283353	EPI_ISL_3024954
SRR15283354	EPI_ISL_3025283
SRR15283355	EPI_ISL_3025282
SRR15283356	EPI_ISL_3025281
SRR15283357	EPI_ISL_3025280
SRR15283358	EPI_ISL_3025279
SRR15283359	EPI_ISL_3025278
SRR15283360	EPI_ISL_3025276
SRR15283361	EPI_ISL_3025275
SRR15283362	EPI_ISL_3025274
SRR15283363	EPI_ISL_3025273
SRR15283364	EPI_ISL_3024953
SRR15283365	EPI_ISL_3024935
SRR15283366	EPI_ISL_3025272
SRR15283367	EPI_ISL_3025271
SRR15283368	EPI_ISL_3025270
SRR15283369	EPI_ISL_3025269
SRR15283370	EPI_ISL_3025268
SRR15283371	EPI_ISL_3025267
SRR15283372	EPI_ISL_3025266
SRR15283373	EPI_ISL_3025265
SRR15283374	EPI_ISL_3025264
SRR15283375	EPI_ISL_3025262
SRR15283376	EPI_ISL_3024952
SRR15283377	EPI_ISL_3025261
SRR15283378	EPI_ISL_3025260
SRR15283379	EPI_ISL_3025259
SRR15283380	EPI_ISL_3025258
SRR15283381	EPI_ISL_3025257
SRR15283382	EPI_ISL_3025256
SRR15283383	EPI_ISL_3025255
SRR15283384	EPI_ISL_3025254
SRR15283385	EPI_ISL_3025253
SRR15283386	EPI_ISL_3025251
SRR15283387	EPI_ISL_3024951
SRR15283388	EPI_ISL_3025250
SRR15283389	EPI_ISL_3025249
SRR15283390	EPI_ISL_3025248
SRR15283391	EPI_ISL_3025247
SRR15283392	EPI_ISL_3025245
SRR15283393	EPI_ISL_3025244
SRR15283394	EPI_ISL_3025243
SRR15283395	EPI_ISL_3025242
SRR15283396	EPI_ISL_3025241
SRR15283397	EPI_ISL_3025240
SRR15283398	EPI_ISL_3024950
SRR15283399	EPI_ISL_3025239
SRR15283400	EPI_ISL_3025238
SRR15283401	EPI_ISL_3025237
SRR15283402	EPI_ISL_3025236
SRR15283403	EPI_ISL_3025235
SRR15283404	EPI_ISL_3025234
SRR15283405	EPI_ISL_3025096
SRR15283406	EPI_ISL_3025095
SRR15283407	EPI_ISL_3025094
SRR15283408	EPI_ISL_3025093
SRR15283409	EPI_ISL_3024949
SRR15283410	EPI_ISL_3025092
SRR15283411	EPI_ISL_3025091
SRR15283412	EPI_ISL_3025090
SRR15283413	EPI_ISL_3025089
SRR15283414	EPI_ISL_3025088
SRR15283415	EPI_ISL_3025087
SRR15283416	EPI_ISL_3025086
SRR15283417	EPI_ISL_3025085
SRR15283418	EPI_ISL_3025032
SRR15283421	EPI_ISL_3025031
SRR15283423	EPI_ISL_3025030
SRR15283425	EPI_ISL_3025029
SRR15283427	EPI_ISL_3025028
SRR15283429	EPI_ISL_3025027
SRR15283431	EPI_ISL_3025026
SRR15283433	EPI_ISL_3025025
SRR15283435	EPI_ISL_3025024
SRR15283437	EPI_ISL_3025023
SRR15283439	EPI_ISL_3024942
SRR15283441	EPI_ISL_3025022
SRR15283443	EPI_ISL_3025021
SRR15283444	EPI_ISL_3025020
SRR15283445	EPI_ISL_3025019
SRR15283446	EPI_ISL_3025018
SRR15283447	EPI_ISL_3025017
SRR15283448	EPI_ISL_3025016
SRR15283449	EPI_ISL_3025015
SRR15283450	EPI_ISL_3025014
SRR15283451	EPI_ISL_3025013
SRR15283452	EPI_ISL_3024941
SRR15283453	EPI_ISL_3025012
SRR15283454	EPI_ISL_3025011
SRR15283455	EPI_ISL_3025010
SRR15283456	EPI_ISL_3025009
SRR15283457	EPI_ISL_3025008
SRR15283458	EPI_ISL_3025007
SRR15283459	EPI_ISL_3025006
SRR15283460	EPI_ISL_3025005
SRR15283461	EPI_ISL_3025004
SRR15283462	EPI_ISL_3025003
SRR15283463	EPI_ISL_3024940
SRR15283464	EPI_ISL_3025002
SRR15283465	EPI_ISL_3025001
SRR15283466	EPI_ISL_3025000
SRR15283467	EPI_ISL_3024999
SRR15283468	EPI_ISL_3024998
SRR15283469	EPI_ISL_3024997
SRR15283470	EPI_ISL_3024996
SRR15283471	EPI_ISL_3024995
SRR15283472	EPI_ISL_3024994
SRR15283473	EPI_ISL_3024993
SRR15283474	EPI_ISL_3024939
SRR15283419	EPI_ISL_3025084
SRR15283476	EPI_ISL_3025083
SRR15283477	EPI_ISL_3024948
SRR15283478	EPI_ISL_3025082
SRR15283479	EPI_ISL_3025081
SRR15283480	EPI_ISL_3025080
SRR15283481	EPI_ISL_3025079
SRR15283482	EPI_ISL_3025078
SRR15283483	EPI_ISL_3025077
SRR15283484	EPI_ISL_3025076
SRR15283485	EPI_ISL_3025075
SRR15283486	EPI_ISL_3025074
SRR15283487	EPI_ISL_3025073
SRR15283488	EPI_ISL_3024947
SRR15283489	EPI_ISL_3025072
SRR15283490	EPI_ISL_3025071
SRR15283491	EPI_ISL_3025070
SRR15283492	EPI_ISL_3025069
SRR15283493	EPI_ISL_3025068
SRR15283494	EPI_ISL_3025067
SRR15283495	EPI_ISL_3025066
SRR15283496	EPI_ISL_3025065
SRR15283497	EPI_ISL_3025064
SRR15283498	EPI_ISL_3025063
SRR15283499	EPI_ISL_3024946
SRR15283500	EPI_ISL_3025062
SRR15283501	EPI_ISL_3025061
SRR15283502	EPI_ISL_3025060
